id,title,base_price,sold_quantity,rating_average,visits
MCO825255064,Impermeable Siliconado Para Motociclista,55385,1976,4.3,82740
MCO559508714,Carpa Pijama Semi-impermeable Para Moto Con Argolla Metalica,29900,500,4.3,148397
MCO601542341,Escaner Elm327 Automotriz Vehicular Bluetooth Obd2 Carro,23990,500,4.3,36477
MCO624337760,Impermeable Siliconado Para Motociclista,59000,1699,4.4,87957
MCO556668280,Maletero Tomcat 34lt Litros Tipo Shad Givi Envío Gratis,99950,455,4.8,39442
MCO573785607,Botas Funda Zapatón En Latex Con Cierre Impermeables Moto,21500,1000,4.1,49702
MCO844377861,"Pato Para Carro, Moto, Bicicleta, Accesorio De Lujo",19500,585,4.8,18669
MCO883390298,Kit Protector De Manijas Para Autos 4 Unds Marcas,29900,130,4,5010
MCO835689364,Combo X4 Sticker Antiempañante Antilluvia Casco Espejos Moto,33900,250,2.2,10701
MCO562190390,Cargador Batería 12v Automóvil O Moto - Almasell ,35150,500,4.5,72706
MCO489153665,Guantes Para Moto 100% Impermeables Y Térmicos + Envío ,79900,1341,4.4,115952
MCO626831400,Protector De Calzado Para Moto Evitar Dañar Zapatos Y Tenis,15900,250,4.8,8249
MCO625558738,Balaclava Pasamontañas Con Malla Multifuncional Deportes,18000,500,4.5,37534
MCO847052153,Guantes City Táctiles Térmicos Con Reflectivo Moto Bici,41308,150,4.5,6253
MCO597258206,Impermeable Para Motociclista Tipo Sudadera 100% Impermeable,121900,982,4.2,236844
MCO595317399,"Pijama Para Carro Qp  S, M Y L Semi-impermeable Intemperie",89900,650,4.6,24020
MCO525091929,"Cargador Inteligente, Tester Bateria 12v Automovil Y Moto ",99900,500,4.8,115622
MCO612832773,Botas Impermeables Dakar Lluvia Invierno Para Motociclistas,59000,1073,4.8,33908
MCO595478492,Casco Abatible Ich3110 Certificados +placas/lonas Transporte,134900,650,4.7,69194
MCO562536464,"Leonardita, Acondicionador De Suelos",72000,250,4.7,11765
MCO555620638,Veneno Cancún No Tóxico Mata Cucarachas - G A $17000,18500,200,0,10331
MCO565966889,Solución Nutritiva Para Cultivos Hidropónicos. ,24000,250,4.8,13806
MCO822732949,Regent  X Litro - L a $125000,125000,50,0,1559
MCO819718209,Vetalog X 10 Ml,70000,100,0,905
MCO566638722,Pitaya Roja ,12000,200,4.9,5747
MCO592699335,Nitrato De Potasio Fertilizante Soluble Para Hidroponía.,22000,250,4.8,11531
MCO618838910,Nutrientes Para Hidroponia 100 Litros Aprox,7500,25,0,1528
MCO601282583,Sutura Absorbible X 12 Unidades 2.0 ( Polyglycolic Acid ),69999,50,0,1503
MCO598596578,Humus Reforzado X 30 Kilos,40000,25,0,1186
MCO576705741,Fitotripen (trichoderma) X 500 G - G A $100,50000,25,0,2064
MCO607182344,Hidroretenedor Polímero Retenedor De Agua,24000,50,0,1419
MCO640871523,Jabón Potásico Con Aceite Neem,29990,100,0,3217
MCO901402504,Carbon De Madera Para Asar Bulto,45000,5,0,118
MCO658346019,Abamectina 1.8 Ec- X 1lt,72000,5,0,955
MCO578958550,Esqueje Vainilla Planifolia,9000,200,4.8,4197
MCO817189634,Mata Babosa Molusquicida Baboxa,38500,50,0,2239
MCO842662915,Cal Agrícola Dolomita Bulto X 50kg Para Cultivo,44625,5,0,1380
MCO570043564,Solución Nutritiva Para Cultivos Hidroponia Para 1000 Litros,45000,250,5,12974
MCO602951378,Trapiche Metalico,580000,25,0,10173
MCO817169589,Grageas Asquerosas Harry Potter,14900,500,0,17791
MCO462491908,Yerba Mate Rosamonte 1 Kg - kg a $29900,29900,500,4.9,35942
MCO886228842,R 13 Jarabe - mL a $68,16900,500,4.8,4997
MCO601178555,Aceite De Oliva Extra Virgen La Españo - L a $28750,115000,500,5,8751
MCO463777232,Yerba Mate Rosamonte Tradicional X500 Gr,15900,500,4.9,23614
MCO594827217,Te Chamba Chai Chai Latte En Polvo 1.8kg - g a $58,104900,100,5,1468
MCO570586626,Cápsulas Café Nespresso Pack Ispirazione Italiana X 50,122000,500,4.9,19219
MCO555877162,"Papel De Arroz Sabor Vainilla Cert. Invima 100 Hojas 0,4",99500,500,4.8,39031
MCO574138016,Lipton Sobres De Té Negro 312 Sobres,69800,250,5,3049
MCO597597567,Te Chamba Chai En Polvo 1.8 Kg Importado,104900,200,4.3,4855
MCO493217254,Combo Mate De Madera Mas Yerba Mate Medio Kilo 500gr,67000,500,4.9,41633
MCO606648866,1 Kg Sal Rosada Del Himalaya Cristal Fino ,20150,500,0,4406
MCO561866894,Yerba Mate Rosamonte Paca 10 Lb - kg a $14990,149900,500,5,7047
MCO570580451,Cápsulas Café Nespresso Pack Milk X 50,140000,250,4.5,19245
MCO620923779,Stevia Tera Liquida 250ml - mL a $86,21500,250,0,3280
MCO570059471,Soju Bebida Coreana Licor ,49800,500,5,31842
MCO486540513,Shin Ramyun Ramen Fideos Picante Coreano 4 Paquetes,47500,500,4.9,22526
MCO656607435,Almendra Natural 1 Kilo ,53990,150,4.8,1721
MCO836316401,Hoja De Coca Entera Te 50 G,11900,500,5,1514
MCO867711706,Aceite De Aguacate Extra Virgen,35000,62,0,2252
MCO829449957,Fuente De Agua Para Gatos Bebedero Mascotas ,98400,250,4.8,8024
MCO829721947,Arena Para Gatos Importada Excelente Calidad 25 Kg,94410,500,4,24080
MCO573330323,Gimnasios Para Gatos Con Cuna + Obsequio + Envío,214990,500,4.7,335426
MCO485749035,Arena Para Gatos - Absorbente - 50 Kg ,82000,5000,4.5,101408
MCO562737257,Arena Sanitaria Para Gatos Bolsa 25 Kg,94514,500,4.3,32496
MCO593127418,Tapete Recolector De Arena Para Gatos,21900,525,3.9,65920
MCO830394549,Renovapet Elimina El Sarro Y Mal Aliento De Tus Mascotas ,84900,500,4.1,27138
MCO598171624,Pechera Chaleco Arnés Para Mascota  Perro Gato Raza Pequeña ,23900,385,4.6,83913
MCO601793991,Guante Peinar Acariciar Mascotas + Cepillo Quita Motas Pelos,33900,500,4.1,27561
MCO888812814,Plato Bebedero Comedero Mascota Gato Acrílico,29800,200,5,1722
MCO653022851,Collar Isabelino Dona Gato Y Perro Petskin,31000,131,4.6,9215
MCO886797433,"Filtros De Agua Para Fuente Mascotas, Repuestos Alta Calidad",29000,100,0,720
MCO450023274,Tarro Tetra Color Granulado  X300gr+75gr - g a $123,45990,500,5,9189
MCO532537001,Hamacas De Ventana Para Gatos- Camas Personalizadas,79900,1282,4.9,146320
MCO483911144,4 Filtros Para Catit Fuentes Y Fuentes - kg a $6976,27905,250,5,2928
MCO652323820,Bandera Colombia Nacional 1mtr X1.5mt Exterior Grande,24990,200,4,2535
MCO575772910,Bandera De Colombia Satin 1.50 X 2.00 Ancho. Exteriores,47990,150,4.8,6232
MCO618868960,Catalogo Billetes Y Monedas Ultima Edicion Actualizado .,28490,250,4.9,8579
MCO867338943,Bandera Colombia Con Escudo 1mtr X1.5mt Exterior Grande,32990,25,0,701
MCO867338862,Bandera Colombia Con Escudo 1mtr X1.5mt Exterior Grande,32990,5,0,480
MCO826656756,10 Billetes De Colombia De 1 Peso Hasta 1000 Pesos Originale,44990,200,4.8,10918
MCO841016027,"Moneda 10000 Pesos Bicentenario  Colombia,conmemorativa ",32900,100,5,5454
MCO806410286,Bitcoin Dorada Moneda De Coleccion Alta Calidad Blockchain,12900,250,4.5,12303
MCO652324054,Bandera Colombia Nacional 1mtr X1.5mt Exterior Grande,24990,54,0,1211
MCO889675758,"25 Billetes Mundiales 100% Originales Varios Paises, Nuevos ",49990,5,0,909
MCO475893038,Álbum Catalogo Para Guardar 200 Monedas Antiguas Colombianas,49000,100,4.8,13174
MCO884056216,Moneda Dólar 1878 Antigua Colección ,70000,5,0,2027
MCO603217732,Poster 100 Cosas Que Hacer En Colombia,66000,25,0,6817
MCO625070718,Bandera Colombia Con Escudo 1mtr X1.5mt Exterior Grande,26490,5,0,1043
MCO618873105,Fajo 100 Billetes 2 Soberanos Venezuela Nuevos ,12350,25,0,2195
MCO638491242,Llaveros Mini Biblia  Sagrada Escrituras Español X 12,27799,100,4.5,3171
MCO831357680,Dolar Didactico 50 Unidades * 2 Paquetes (100 Unidades),17490,25,0,1465
MCO468163806,Raspar Mapa Mundi Scratch  Map 82*59 Cm Poster,53105,5,0,10656
MCO899548705,Cinta Universal Para Maquina De Escribir Roja Y Negro,16900,5,0,222
MCO501663157,Caja Musical Harry Potter (hedwig) Hogwarts Quidditch Madera,34750,355,4.8,25170
MCO606252982,Calculadora Casio Fx570 Es Plus 2 Generación,99900,500,5,12004
MCO563014164,Tablero Acrílico Blanco Borrable 120 X 60cm + Portaborrador,83900,500,4.7,50595
MCO873278577,Gemelos Epoxicos Rigidos Cristal (1kg Mezcla) - Comp A Y B,90500,250,4.3,9530
MCO539379042,Rollo Plastico Papel Burbuja De 30cm X 50mts ,16102,500,4.8,33787
MCO513434416,Tablero Acrílico Blanco Borrable 120 X 80cm + Portaborrador,106900,5000,4.7,196990
MCO551890327,Tinta De Recarga Edding Bt30 Para Marcador Borrable,18695,750,5,8180
MCO896054656,Caja Resma Reprograf Carta Papel Blanco X 10 Und,179900,150,0,2175
MCO862593821,Tablero Acrílico Blanco Borrable 60 X 40cm + Portaborrador,27499,150,5,5154
MCO862593950,Tablero Acrílico Blanco 60 X 40cm Marco Aluminio + Obsequios,27499,250,4.8,4155
MCO628704478,Cera De Soya * 1 Kilo,29900,500,4.2,9078
MCO895166160,Cartuchera Organizadora Estuche - Lapicera - Gran Capacidad,55000,35,0,2533
MCO590951181,Silica Gel Absorbente Humedad  Por 100 Unidades Bolsa 2 Gr,30990,500,4.9,9665
MCO552647543,Marcador Borrable Recargable Edding 360,5306,625,4.9,7341
MCO582134849,Set Arte Maleta X208 Piezas Caballete Crayon Acuarela Plumon,85900,500,4.5,31554
MCO539935721,Tablero Acrílico Borrable Cuadriculado 120x80cm+portaborrado,116900,500,4.8,76463
MCO580157083,Colores Faber Castell Ecolapiz 50u,77300,500,4.9,86905
MCO608752538,Crayola Super Tips Wasable 100 Count Markers Marcadores,135000,250,4.9,16205
MCO620533029,Resma De Papel Blanco Ecologico Tamaño Carta  X 500 Hojas ,18900,250,5,7082
MCO836088341,Lana Tejer Amigurumis Crochet Hilo Balloon Amigo 50grs ALG,10300,274,4.6,4414
MCO860160254,Cordones Elásticos Tenis Zapatos No Mas Nudos,13499,216,4.7,1592
MCO497301208,Doble Extractor Leche Materna Eléctrico Real Bubee 2019,73000,500,4.6,153639
MCO644901123,Bañera Tina Plegable Con Termómetro Y Cojín Bebe En Silicona,189000,500,5,16588
MCO608500080,Tapete De Juego Plegable Gateo Bebé 200x180x1 Cm Doble Faz,159900,155,4.7,12853
MCO861238980,Bolso Pañalera Con Cambiador De Bebe Plegable + Usb,107900,211,4.9,6568
MCO556546982,Bolsas Almacenamiento Leche Materna  100 Unidades Americana,72990,500,4.9,17020
MCO649399747,Morral Pañalera Tipo Cuna Con Cambiador 3 En 1 Usb,124900,625,4.8,22847
MCO558608316,"Coche Para Bebe Reversible Con Cubrepies,toldillo, Pañalera ",260000,335,4.9,159282
MCO536096623,Silla Mecedora Vibradora Musical Y Anti Reflujo 3 En 1 Ibaby,166900,1050,4.7,127987
MCO534866569,Fular Elástico Cargador Porta Bebe - Fácil De Poner- Chaleco,59900,1377,4.7,99983
MCO463784658,Extractor Doble Leche Materna Electrico Lactancia,78600,500,4.6,105710
MCO516038436,Babero Delantal Bebés Y Niños De Manga Larga Impermeable,9900,1205,4.6,46110
MCO558638412,Almohada Embarazo Cuerpo Entero - Gris,99000,975,4.6,102320
MCO528504204,Doble Extractor Leche Materna Eléctrico,79210,500,4.8,81210
MCO512967357,Broches O Sellos Para Cajones O Puertas Paquete X 10,24350,750,4.2,29151
MCO572556993,Tapete Fomi Fomy Foamy Niños Y Bebes Abacedario X 26 Piezas,85000,500,4.1,25993
MCO529668007,Silla Comedor Bebe 3en1 Happy Baby Azul Cp7000,188435,450,4.4,71931
MCO615904207,Gimnasio Piano Musical Con Movil Huanger Oferta,105000,505,4.5,31494
MCO601252530,Pañalera Cambiador Bebé - Bolso 3 En 1,116500,1255,4.8,99958
MCO621923021,"Silla Mecedora, Vibradora Y Musical Para Bebe 3 En 1 Jon Di",166900,120,4.9,6440
MCO598909424,Fular Cargador Elástico Porta Bebe Cozytos 5 Colores Disp.  ,58900,614,4.6,20053
MCO611440270,Minoxidil Forte 5% Colmed X 100 Ml - mL a $478,47779,5000,4.4,96637
MCO481972170,Fibras Capilares Queratina 27.5gr. Toppik - G A $ 1375,24500,1385,4.5,112456
MCO621547380,Perfumero Recargable Portátil 5ml ¡!disponible¡!,5950,350,4.6,3326
MCO835391374,Cepillo Dental Eco Bamboo Bambú - Unidad a $1591,1591,11150,4.8,13175
MCO589168999,Desodorante Natural De Piedra Alumbre - g a $207,20700,500,4.9,18232
MCO565779928,Tonico Despigmentante (x2) - Unidad a $25500,51000,500,4.4,80244
MCO857972256,Pack Minoxidil Forte 5% Colmed - g a $239,95558,500,4.3,5709
MCO520096335,Cinturilla De Avispa Xd,48999,2100,4.7,106635
MCO484811309,Acido Glicolico 10% Pili  30ml - Peelin - mL a $947,28400,500,4.6,142951
MCO454240202,Desodorante Natural De Piedra Alumbre De Potasio,21000,5000,4.6,141484
MCO452812575,Recarga 25gr Fibras Capilares Toppik  - G A $ 1036,16900,6055,4.6,71975
MCO567537772,Faja 100% Látex 4 Hileras,70000,1560,4.6,109638
MCO612437224,Cepillo Alisador-secador Voluminizador De Cabello,45900,500,4.4,10415
MCO608521946,Olla Para Cera Depilatoria + Cera - Unidad a $44900,44900,500,4.5,25264
MCO602899347,Manillas Seguridad Papel Tyvek Eventos ( 1.000 Impresas ),120000,250,4.8,2942
MCO602899427,Manillas Seguridad Papel Tyvek Eventos ( 500 Impresas ),68000,50,0,903
MCO602899159,Manillas Seguridad Papel Tyvek Para Eventos ( 100 Impresas ),25000,250,4,4310
MCO602897535,Manilla Seguridad Papel Tyvek Para Eventos ( 1.000 Und ),110000,150,0,1725
MCO834057776,Venta Paquete De 100 Tokens Chaturbate,32000,5,0,269
MCO602899762,Manilla Seguridad Papel Tyvek Para Eventos ( 100 Unidades ),18000,50,0,1631
MCO820124073,Manillas Seguridad Papel Tyvek Para Eventos ( 150 Impresas ),30000,5,0,299
MCO831351212,Manillas Seguridad Papel Tyvek Eventos ( 1.500 Impresas ),175000,5,0,63
MCO602899653,Manilla Seguridad Papel Tyvek Para Eventos ( 500 Unidades ),57000,5,0,396
MCO822905494,Manillas Seguridad Papel Tyvek Para Eventos ( 160 Impresas ),33000,5,0,158
MCO849281403,Mystery Box Manillas Tyvek ( 100 Unidades ),9900,5,0,1700
MCO554457206,Manilla De Seguridad-brazaletes Vip-papel Tyvek-para Eventos,18000,150,0,3336
MCO602899567,Manillas Seguridad Papel Tyvek Eventos ( 10 Impresas ),6000,50,0,399
MCO818941364,Manilla Seguridad Papel Tyvek Para Eventos ( 4.000 Unidades),412000,5,0,119
MCO611461900,Manilla Seguridad Papel Tyvek Para Eventos ( 2.000 Und ),210000,5,0,464
MCO644092261,Manillas Seguridad Papel Tyvek Eventos ( 3.000 Impresas ),345000,5,0,100
MCO577975745,Aro De Luz 26 Cm Con Trípode Profesional 2 Metros De Altura,41500,5000,4.6,245709
MCO599208809,Tripode Con Soporte De Celular Y Control Bluetooth  Dk-3888,32900,5000,4.5,147403
MCO575309533,Aro De Luz Led + Control Remoto + Tripode + Base Celular ,59990,5000,4.6,591173
MCO862396628,Base Soporte Montura Arnes Para Casco Camara Gopro Moto,24900,180,4.8,4752
MCO597086359,Aro De Luz Led 26 Cm Con Soporte Para Celular Y Tripode 2.10,46900,500,4.6,61036
MCO576058156,Trípode Cámara @gs,21800,500,4.1,68241
MCO854554910,Gimbal Estabilizador Celular Selfie Stick Trípode Con Luz,161405,155,4.4,10380
MCO531962452,Tripode Original Beston 3560 - 170cm.  Al Mejor Precio,112900,500,4.9,37526
MCO590704025,Selfie Stick L02 - 2en1- Tripode-monopie - Control Bluetooth,25800,500,4.7,17441
MCO644029670,Trípode Camara Ref.3560 De 167 Cm + Estuche + Clip Celular,98900,500,4.8,14061
MCO558523779,Trípode Stand 2.10m Para Aro De Luz Cámara Flash Softbox,29900,500,4.6,32637
MCO807333134,Tripode Con Soporte De Celular Y Control Bluetooth  Dk-3888,28500,250,4.7,7790
MCO558155384, Trípode Cámara Mod. 3110 102cm + Estuche + Clip Celular,21900,5000,4.4,465679
MCO450298116,Batería Para Cámara Deportiva Sportcam Sjcam Tipo Gopro 4k..,17900,500,4.6,23614
MCO578619034,Tripode Flexible Celular Camara Soporte Smartphone Holder,11200,750,4.4,133196
MCO889001026,Herramienta Limpiar Audifonos AirPods Ear Limpiador,17900,150,0,1088
MCO824697357,Telescopio Astronomico Monocular F30070m Con Soporte Celular,229900,200,4.1,9749
MCO821523245,Correa Pulso De Silicona Xiaomi Mi Watch Lite Redmi Watch ,15999,400,4.4,13028
MCO573195578,Forro Rígido Transparente Para iPhone,18905,3685,4.8,168059
MCO866872093,Power Bank Carga Rápida Doble Usb + Tipo C Power Delivery,89250,500,4.7,27195
MCO621243499,Correa Banda Pulso De Silicona Para Mi Band 6/5/4/3,7999,2460,4.5,30843
MCO614109695,Vidrio Templado Mate De Cerámica Antihuella No Se Rompe,7899,2709,4.3,97854
MCO551831673, Correas Manilla Pulso-xiaomi Mi Band 3/ Xiaomi Mi Band 4,7990,6174,4.7,125226
MCO610508302,"Base Soporte Para Portátil Ergonómica/reclinable, 7 Niveles",39900,1000,4.8,16450
MCO577680753,Regulador De Voltaje Unitec De 2000va Reales Con 8 Tomas,94964,500,4.9,118879
MCO574013966,Pasta Térmica Disipadora Arctic Mx-4 4g Original Sellada,34990,500,4.9,75113
MCO561844318,Hub Multipuerto Multiplicador Usb @gs,18810,1000,4.3,97235
MCO650986244,Soporte Base Computador Portatil Ajustable Plegable+obsequio,29900,950,4.5,15942
MCO563925409,Regulador Automático De Voltaje 1200va · 8 Tomas Protegidas,57900,500,4.7,222367
MCO603888750,Kit 4 Tintas Epson 544 Original T544 L1110/l3110,70000,500,4.5,42164
MCO451852782,Cable Convertidor De Hdmi A Vga  Pc Laptop Tv Monitor Pasivo,12500,5000,4.6,406454
MCO878419024,Nintendo Switch Online + Expansion 1 Año,74900,150,5,2078
MCO567238499,Tarjeta Psn  10 Usd - Entrega En Minutos,45500,250,4.8,11230
MCO462645877,Tarjeta Psn 20 Usd -  Entrega En Minutos,90000,5000,4.9,141738
MCO878197142,Nintendo Switch Online  1 Año,39000,150,0,2282
MCO568121673,Sonoff! Modulo Inteligente Y Controlador De Luces Y Tomas,34900,5000,4.8,190841
MCO885660169,Regadera Ducha Acero 20 X 20 Cm Cuadrada Con Tubo,33500,200,4.6,1626
MCO572035586,Escalera Multifuncional De 16 Pasos 4x4 En Aluminio ,459900,500,4.7,32904
MCO561248081,Multitoma Extension X6 Puertos Con Polo A Tierra 3m 125 Volt,27100,500,4.8,18667
MCO876084882,"Silicona Impermeabilizante, Tapagoteras, Sellador De Fugas ",29900,150,4.6,3272
MCO551841549,Bomba Presurizadora  Automática 1/6 Hp Para Agua Truper,198900,250,4.7,38914
MCO652679060,Extensor De Toma Corriente 3 Salidas Giratorio 180 Grado,16998,250,4.1,4441
MCO905491705,"Impermeabilizante Negro Mate, Tapa Goteras, Fugas - Corneta",27987,150,4.2,2138
MCO817626675,Escalera Telescopica Desplegable Altura Ajustable 3.8 Metros,499900,100,4.9,4905
MCO622606691,Extensión Eléctrica Encauchetada X 15mt Uso Industrial Larga,31750,250,4.7,6238
MCO656000698,"Impermeabilizante Transparente, Tapa Goteras, Fugas",34990,100,4.5,2387
MCO613484211,Escalera Tubular Plegable De 3 Peldaños Masescaleras ,161405,100,4.7,2317
MCO652680109,Adaptador De Toma Corriente 3 Salidas Giratorio 180 Grado,16998,500,4,9781
MCO573196777,Switch Inteligente Wifi Alexa Y Google Home (2 Botones),79900,300,4.6,24420
MCO613488388,Escalera Multiproposito De 16 Pasos En Aluminio 4x4 + Escale,459900,200,4.8,7824
MCO611348761,Sonoff New Basicr2 Wifi Smart Switch Domotica Fácil En Casa,34900,500,4.8,8710
MCO647041452,Aerosol Impermeabilizante 400ml - L a $34990,34990,160,4.2,8434
MCO602167001,Regadera Ducha Metálica 20 X 20 Cuadrada Kit Tubo Ducha Lujo,38900,500,4.8,42577
MCO487512710,Kit Panel Solar+4 Bombillos+batería+linterna Carga Celulares,95900,500,4.5,202073
MCO602224637,Toma Corriente Doble + 2 Usb Polo A Tierra Homologa Retie,21755,500,4.8,20573
MCO571464380,Kit De Pesas Ejercicio Mancuernas Juego De Pesas Termoforrad,157900,5000,4.6,535390
MCO610951513,Kit De Pesas Ejercicio Mancuernas Juego De Pesas Termoforrad,169900,500,4.3,234858
MCO564169608,Cuerda Lazo De Velocidad Para Saltar Guaya Ajustable Gym,20900,1500,4.5,197426
MCO575340469,Cinta Kinesiologicas Terapeutica,18000,4780,4.6,58126
MCO802972595,Colchoneta Enrollable Ejercicios Abdominales Yoga Gimnasio,37800,500,4.6,21820
MCO640527451,"Barra Multifuncional Crossfit De Pared, Abdominales Y Etc",78213,500,4.5,19670
MCO564427813,Mancuernas Pesas 40kg 80lb Antideslizante Termoforradas Barr,254900,500,4.4,247788
MCO559272772,2x1 Gas Pimienta Defensa Personal Aerosol Peper + Carnet!,26910,500,4.7,69710
MCO831126041,Colchoneta Yoga Pilates Mat Tapete Ejercicios 10mm De Grosor,54900,1250,4.9,25397
MCO601054452,Rodillos En Acero Inoxidable Sin Desmontar La Llanta,89187,500,4,140734
MCO612105307,Bandas Elasticas Cerradas X5  Ejercicio Resistencia,22990,500,4.1,38114
MCO468268025,Soporte Pared Bicicleta 30kg Original 2 Unid Torni +obsequio,25432,5000,4.7,290743
MCO568025248,Colchonetas Cbm Semiprofesionales Gym Gimnasio Abdominales,45000,5000,4.7,288909
MCO578116187,Lazo Profesional Cuerda Para Saltar Velocidad 100% Metalico,42000,1250,4.9,30583
MCO550837677,Venda Elastica Autoadhesiva Kinesiologica,7800,4229,4.6,97251
MCO642327002,Kit Bandas Tubulares De Resistencia Ejercicio 11 Piezas,33400,500,4.1,34103
MCO532672853,Bicicicleta Roadmaster Hurricane 29  Shimano Revoshift 21vel,629900,1905,4.3,2198832
MCO579271482,Hand Grip Ejercitador De Mano Ajustable 40 Kg Sportfitness ,20805,500,4.8,10151
MCO594407833,Balanza Gramera Báscula Cocina Digital Capacidad Hasta 10kg,17900,500,4.8,23033
MCO637090468,Mini Waflera Gofrera  Redonda Antiadherente Eléctrica ,44900,500,4.5,37416
MCO618122013,"Freidora De Aire Imusa Easy Fry Deluxe 4,2l Digital",389000,500,4.7,186730
MCO599259228,"Gramera Balanza De Cocina Kalley, 1g A 5kg, Garantía 2 Años",49900,500,4.6,46241
MCO616199857,Cafetera Prensa Francesa 350ml En Vidrio Borosilicato,26900,500,4.7,41001
MCO879826902,"Freidora De Aire Imusa Air Fryer Esencial 3,2 Litros Negro",249900,250,4.6,18448
MCO608296886,Gramera Digital 10 Kg 10000 Gr Balanza Bascula Electronica,16500,250,4.7,8325
MCO836823788,Pesa Báscula Gramera Balanza 500 Gr Para Joyas-alimentos,28500,500,5,5903
MCO651380319,Freidora De Aire Oster Bioceramic 4.0 L Air Fryer Nuevas,301665,250,4.9,13279
MCO550697742,Filtro Purificador De Agua A Base De Ozono + 2 Regalos,125900,500,4.7,99842
MCO533593478,Balanza Gramera De Cocina 5kg Bascula Pesa De Lujo Cristal,29900,272,4.8,46582
MCO846353153,Tosty Arepa Oster® Ckstam0513,129519,500,4.8,10735
MCO450443967,Balanza Gramera Bascula Pesa Digital  10000 Gr Tara + Pilas,16900,5000,4.7,516635
MCO844055554,Plancha De Vapor Ligera Oster,76900,200,5,2260
MCO570307352,Calentador De Ambiente Kalley ,96900,500,4.8,82906
MCO851245559,Licuadora Imusa Powermix Glass Blanco 2 Litros,99900,250,4.6,13015
MCO584762992,Adaptador Convertidor Cable Hdmi A Vga 1080p Bogotá ,17850,5000,4.8,205617
MCO614541425,Cinta Led Rgb Bluetooth  Luces Usb Tv Hogar Música  5mts ,49990,500,4.3,137099
MCO539116150,Adaptador Europeo Viajero Convertidor Universal,19800,500,4.5,53184
MCO546138353,Control Remoto Smart Samsung Genérico Bn59-01259b Nuevo,18490,500,4.6,82763
MCO546139101,Control Remoto Tv LG Smart Netflix + Forro + Pilas,16990,5000,4.6,98041
MCO464415871,Juego De Herramienta 85pz Copas Reparación Carro Moto Pretul,102990,5000,4.7,769793
MCO574335807,Reloj Termohigrometro Digital Sonda Temperatura Humedad Htc2,24999,500,4.4,35453
MCO457459278,Pistola De Calor Aire Caliente Tolsen 79791 Nueva. ,95000,500,4.8,57448
MCO518740926,Pulidora 4 -1/2 650w 12000rpm Black + Decker G650-b3,139900,500,4.6,55824
MCO603585723,Kit Destornilladores De Precision Celulares 25 En 1,19000,500,4.9,59904
MCO831606150,Bomba Fumigadora O Cacorro Aspersor Manual De 16 Litros ,70000,555,4.7,18410
MCO482788281,Grapadora Industrial Tapicería Trabajo + 1000 Grapas,39900,252,4.6,82583
MCO550631358,Soldador Inversor,379000,500,4.7,53581
MCO837639842,Mototool Mini Taladro + Base De Mesa+ Guia De Corte+ 117pcs,149000,250,4.9,24012
MCO868132248,Careta Para Soldar Inteligente Fenix Furius Fw33,79900,250,4.9,7276
MCO609158622,Medidor Ph Digital Phmetro Agua Líquidos Vino Sobres Pilas,37990,500,4.1,13048
MCO599797355,Juego De Copas 51 Piezas Ratchet Profesional Pretul,73990,500,4.6,95044
MCO493618665,Taladro Percutor 550w + Accesorios Black & Decker 1/2 Hd565k,214990,250,4.9,36100
MCO596025951,Hidrolavadora Eléctrica Takima 1200w 1300psi  Altapresión   ,232000,500,4.7,241784
MCO534176209,"Multimetro Digital Uni-t Ut33c+, Temperatura, Tester",73256,500,4.8,162535
MCO817683769,Gafas Lupa Diadema Luz Led  + 5 Lentes Aumento + Correa ,48300,250,4.9,6427
MCO536523458,Dispensador Automático De Agua Para Botellón Recargable,19900,650,4.4,312042
MCO838111286,Cobija Térmica Ovejera Gigante Cama Doble/queen 230cmx190cm,85467,1770,4.3,55709
MCO502633990,Camara Ip Wifi Vision Nocturna  2mpx 3 Antenas Lee Micro,80400,5000,4.4,243551
MCO496317241,Filtro Purificador De Agua Bioenergetico 14 Lts 99.9% Pura,99800,500,4.6,63195
MCO652645655,Cobija Térmica Ovejera Gigante Cama Doble 230cmx190cm,87000,1565,4.6,98417
MCO651877459,Tapon Puerta Burlete Sello Insectos Polvo Olores Ruidos ,19500,1500,4.5,22586
MCO583631476,Super Promo!!!! Set 4 Repisas Flotantes | Decoracion Moderna,34500,1529,4.6,260121
MCO617352204,Organizador Zapatos X 12 Zapatero Acomodador Plástico,45900,1000,4.8,28926
MCO614449422,Tapete Alfombra Peluda | Tapete Peluche Grande | 230×150 Cm,134000,1943,4.5,153871
MCO585507417,Camara Ip De Seguridad Vigilancia Exterior 1080 Domo 360 Ptz,159990,500,4.3,106160
MCO610867983,Bombillo Led Wi-fi (inteligente) Compatib Con Google Y Alexa,40000,5000,4.8,92250
MCO628756280,Jabón Potásico Aceite De Neem ,29990,500,4.6,32931
MCO611822624,"Protector Sofa, Forro, Mueble, Doble Faz 3 Puestos",75905,1562,4.6,52962
MCO566712642,Juego De Sabanas Doble Supersoft,44900,1610,4.5,146838
MCO612674287,Bombillo Led Wi-fi (inteligente) Rgb+blanco *google Alexa*,31999,500,4.7,40256
MCO461350040,Tendederos De Ropa Plegables De 1 Mtr X 1 Mtr.,61000,550,4.7,147734
MCO511913823,Dispensador De Agua Eléctrico Recargable Usb Bomba Universal,19900,500,4.1,41568
MCO547987693,"Tendederos Plegables De Ropa De 1 X 1 Mts, 100% Metalicos",64900,500,4.7,37341
MCO569411665,Lampara Escritorio Mesa Cuello Flexible ,26000,2250,4.7,137961
MCO808445031,Tapabocas Kn95 Bolsa Individual - Unidad a $962,19249,1973,4.9,39457
MCO808406315,Kn95 Bolsa Individual Caja X 20 - Unidad a $927,18549,1820,4.8,57812
MCO571817761,Silla Ejecutiva Ergonómica Reclinable Con Espaldar Grande,237900,500,4,40501
MCO802879532,Kn95 Kf94 Tipo Pez Fish Adultos 4d - Unidad a $955,19091,2375,4.8,30572
MCO618408064,Mascara Tapabocas Kn95 X Caja/50 U - Unidad a $1100,55000,6000,4.2,101798
MCO818458223,Mascara Tapabocas Kn95 X 100 - Unidad a $924,92399,874,4.8,24103
MCO548785709,Bolsas De Seguridad Portaguía Para Mensajería 19x25cm 100uds,23900,500,4.9,37695
MCO559619949,Descansapies Apoyapies Ergonomico 3 Alturas Promocion,99900,500,4.8,32428
MCO814155650,Tapabocas Kn95 Tipo Pez Kf94 Caja X - Unidad a $980,19606,1605,4.9,19925
MCO565747154,200 Bolsas Mensajería Medianas (30x41cm) Mercado Libre,93058,5000,4,46099
MCO617631999,Caja Original X 25 Tapabocas Mascarilla Insafe N95 In1020,65693,2350,4.9,68615
MCO521946693,Cajon Monedero Estructura Metalica 5 Puestos Envio Gratis,208000,500,4.8,46534
MCO805925386,Mascarilla Tapaboca Kn95 X 10 - Unidad a $993,9932,1750,4.6,13679
MCO612618189,Bascula Balanza Romana Pesa Equipaje Maleta 50 Kilos Gancho,23900,500,4.6,13825
MCO851483290,Máquina Tiqueteadora Marca Precio Número 8 Dígitos + Obsequi,29900,250,4.5,5533
MCO567024231,500 Bolsas De E-commerce & Mensajería (19 X 25+4cm) ,95200,500,4.8,9554
MCO558788071,Bolsas De Seguridad Portaguía Para Mensajería 23x28cm 100uds,32900,500,4.7,21044
MCO568295595,Bolsas Seguridad Mensajería Sellable 100 Unidades 29x38 Cm,49900,500,4.8,13797
MCO579022130,Rodachinas Ruedas Para Silla De Oficina En Nylon(5 Unidades),20900,500,4.9,18923
MCO562286973,Guitarra Acústica+forro +método+pick De Rasgueo+envío Gratis,145000,500,4.8,335170
MCO603458010,Guitarra Acústica En Cedro+ Forro+método+puá+envíosgratis,146000,500,4.9,27412
MCO807394561,Colgador Soporte Ganchos Pared Para Guitarra Violín Ukelele,11000,500,4.9,2715
MCO516816285,"Irig Interfaz - Guitarra, Bajo, Etc. Envío Gratis",30000,500,4.4,40801
MCO561427669,"Ukelele En Cedro Incluye Forro, Método Y Pua. Originales. ",128000,500,4.9,133218
MCO637229213,Brazo Soporte De Micrófono Suspensión Ajustable + Filtro Pop,104436,250,4.8,5901
MCO589238895,Guitarra Clásica+forro Lona+método De Aprendizaje+pick+envío,145000,250,4.8,38081
MCO816513299,Set X 10 Uñas Picks Puas Alice Guitarra Surtido Sin Caja,11990,250,5,5018
MCO544779433,Melodica Aileen - 37 Teclas - Envío Gratis ,93000,100,4.9,14017
MCO634863466,Atril Stand Partitura Tipo Director Bandeja Reforzado,82000,250,4.7,6448
MCO572736924,Cable Línea 6.35 Mm Guitarra Eléctrica Bajo Amplificador 3m,16900,255,4.8,7136
MCO578999373,Encordado Para Guitarra Eléctrica Ernie Ball 2221 (10-46),34900,200,5,2735
MCO578858564,Base Para Guitarra De Cuello De Ganso ,51900,500,4.5,8306
MCO610839880,Ganchos Soporte Colgador Pared Para Guitarra Violín Ukelele,12500,500,4.9,29223
MCO562736935,Armonica Profesional De 10 Agujeros Afinada En Do. ,30900,525,4.8,27178
MCO474175964,Pad De  Entreno Bateria Redoblante Incluye Baquetas,55533,150,4.6,30494
MCO446412806,Estuche Semiduro Guitarra Electrica Clásica Folk Acústica,69000,250,4.8,26094
MCO502110528,Encordado Guitarra Eléctrica Gk Medina Artigas Completo,29000,200,4.8,9034
MCO822937587,Cactus Bailarín Canta Y Imita La Voz Peluche Luces Niños,38900,5,4.6,13706
MCO617052043,Cubo Rubik Qiyi Warrior S Stickerless Speed 3x3 Original,15600,500,4.8,11762
MCO875113562,Poppy Playtime Muñeco Huggy Wuggy Peluche De 60cm,39900,250,4.9,9626
MCO876168519,Frailejon Peluche Ernesto Perez Grande 32 Cm,37999,500,4.8,17190
MCO617574146,Pokemon Sobre De Cartas Coleccionables Sword & Shield ,10000,825,4.3,18748
MCO879850919,Fidget Cube Entretenimiento Anti Estrés Juego Colores,15900,78,0,2560
MCO852764354,Peluche Huggy -wuggy Poppy Play Tame 50 Cm ,37999,61,4.9,2902
MCO800414757,Juego Niño Kit Explorador Safari Juguete Dinosaurio Disfraz,89500,225,4.7,8406
MCO604466988,500 Pelotas Plásticas Multicores Vivos,102600,500,4.5,5143
MCO501077730,Cubo Rubik 3x3 Qiyi Sail W + Base De Regalo Nuevo Y Original,34900,510,4.9,60463
MCO809905764,Caja Bean Boozled Jelly Bean Grageas Asquerosas 1.6oz,22900,250,4.6,6995
MCO655631787,Cactus Bailarín Canta Repite Lo Hablas Adecuado Para Niños,33900,275,4.6,10841
MCO850764466,"Juguete , Tamagochi",26999,60,3.1,6548
MCO616658091,Peluche Luminoso Muñeco Proyector Luces Nocturnas Star Belly,70000,285,4.8,9801
MCO625058888,Arena Infantil Areneros Y Manualidades -sílice  De 50 Kg,63000,500,4.9,8777
MCO646516502,Tablero De Dibujo Con Luz Led Mágico Magic Pad 6 Marcadores,26000,500,3.9,30068
MCO460671849,Bingo Familiar Balotera Metalica Juego Mesa Tradicional Lujo,66405,500,4.5,48824
MCO616017907,Peluche Star Belly Proyector De Luz Luminoso Lámpara,54990,47,3.8,13823
MCO840822709,60 Cartas De Pokemon Originales Sin Repetir,75990,250,4.9,7751
MCO881721209,Uno Siempre Cambia El Amor De Su Vida - Amalia Andrade/nuevo,15000,200,0,5828
MCO898149078,Uno Siempre Cambia El Amor De Su Vida Por Otro Amor O Por ..,14900,100,0,7960
MCO810846992,Uno Siempre Cambia El Amor De Su Vida Por Otro Amor..... ,15000,150,0,8792
MCO913605804,Leer Es Resistir Mario Mendoza ( Libro Nuevo Y Original ),46000,50,0,1358
MCO877222352,Trilogía Boulevard,35000,100,0,4660
MCO870961860,Psicologia Oscura+ Manipulación+ El Libro Negro Persuacion,50000,150,3.7,4955
MCO926600619,Espabila De Una P*ta Vez Combo X2 - Jose Montañez ,32000,50,0,734
MCO908182590,Una Vida Sin Salud Mental - Alba Gonzales,15000,50,0,2354
MCO810419784,Libro 15 Leyes Indispensables Del Crecimiento Nuevo Físico,29900,100,0,646
MCO915028565,Una Vida Sin Salud Mental Libro ,13000,25,0,2514
MCO938827824,Uno Siempre Cambia Al Amor De Su Vida Por Otro Amor ,14000,25,0,1034
MCO811520898,Los Secretos Mente Millonaria+padre Rico+piense Y Hagase Ri,36900,200,4.6,2524
MCO927077830,Todo Lo Que Me Queda Por Contar + Una Vida Sin Salud Mental.,29900,25,0,1001
MCO809008323,El Poder Del Ahora Eckhart Tolle Libro Nuevo Garantía,14900,200,4.2,3514
MCO919517090,Leer Es Resistir - Mario Mendoza ,17900,50,0,1576
MCO584440730,El Poder De La Mente Subconsciente Nuevo Y Original,22000,500,5,15608
MCO907397268,Pon El Cielo A Trabajar - Jean Slatter,20500,100,5,1305
MCO857221608,Psicologia Oscura - Steven Turner,18000,50,4.3,3969
MCO922215701,Espabila De Una Puta Vez. La Vida Son 2 Putos Días ,39000,25,0,651
MCO875581169,Las 48 Leyes Del Poder - Robert Greene / Nuevo,27500,250,3.8,9999
MCO451548312,100 Bolsas Polipropileno Para Vinilos Lps Acetatos Long Play,27000,500,4.7,20802
MCO912301103,Álbum Bts Proof Compact Edition 2022 Original + Póster Kpop,167998,5,0,1150
MCO577072806,Caja Musical Elvis Can't Help Falling In Love Regalo Amor,40000,250,4.9,8767
MCO905966570,Harry Styles - Harry's House,75000,5,0,843
MCO858898762,50 Bolsas Caratulas Polipropileno + 50 Internas Proteger Lps,22000,25,0,492
MCO639226313,Plex El Mejor Servicio De Streaming,16000,5,0,1551
MCO816044283,Morat - A Donde Vamos,60000,5,0,576
MCO858866453,100 Bolsas Caratulas Polipropileno + 100 Internas Acetatos,42000,25,3.6,263
MCO644698933,Álbum Bts Butter Versión Peaches O Cream Original Importado,190998,150,4.6,20216
MCO450330313,Organizador Para Cd O Dvd Capacidad 200 Discos,70000,100,4.9,3100
MCO584990730,Caja Musical You Are My Sunshine Johnny Cash Regalo Amor Fan,40000,25,0,1633
MCO911323870,Serie Dragon Ball Colección (inicio/z/gt/super/peliculas),46000,5,0,105
MCO564074038,Caja Musical Dragon Ball Z Anime Fan Película Tapion Regalo,40000,5,0,1305
MCO892897785,Bts Proof Compact Edition Pre Venta Kpop ,166900,25,0,3218
MCO599523003,100 Bolsas Internas Acetatos Proteger Vinilos Lps,15000,200,0,3389
MCO618390003,Caja Musical  - Serie Friends - Regalo Fan Colección,40000,25,0,1523
MCO853852380,Series Televisión Friends (completa),5000,5,0,83
MCO896307894,Café Con Aroma De Mujer ( Colombia 1994) Telenovela Completa,13000,5,0,143
MCO853066740,Serie Yo Soy Betty La Fea (1999) Novela Completa,5000,5,0,160
MCO886238608,Lp Cielo De Tambores ,99000,5,0,351
MCO465527132,Inflador De Globos Electrico 600 Watts Doble Boquilla,70000,500,4.7,118556
MCO823841269,Inflador Bomba De Globos Eléctrico 600w + Accesorios Gratis!,66000,500,4.9,7760
MCO502637567,Relleno De Piñatas 100 Figuras - Seleccionado,38000,500,4.1,39668
MCO841065139,Bombas Globos Satin R12 X 50 Unidades Calidad Premium,10925,251,4.8,3400
MCO578255560,Maquina De Bobas Y Globos Eléctrico Decoración + Obsequio ,71900,150,4.9,11200
MCO837409976,Cortinas Metalizadas Para Fiestas Y Cumpleaños X1 Unidad,5899,335,0,1708
MCO832960731,Decoracion Globos Rosa Dorado Arco Boda Cumpleaños Y Grado,49900,250,5,13610
MCO580423060,Pitillos Ecologicos En Acero Inoxidable Con Bolsa De Tela ,12600,180,5,9482
MCO899936576,Disfraz De Isabella De Encanto Para Niñas,149000,23,0,1321
MCO461097759,Caja Organizador Guardar Dientes De Leche Niños Ratón Pérez,29750,450,4.9,20284
MCO865121983,Decoracion Arco Azul Globos Baby Shower Fiesta Cumpleaños ,49900,100,0,4239
MCO908964787,Inflador Eléctrico Para Globos 600w Promo,57000,50,0,2170
MCO873368032,Disfraz Encanto Mirabel Madrigal,125000,45,4.8,3014
MCO478438758,Trajes Tipicos Antioqueños Niña Y Niño,70000,150,0,13620
MCO837749162,Set Bouquet De 14 Globos Con Corazones Y Estrellas 45cm,11399,52,0,1043
MCO844327128,Globo Numero Oro Rosa 1 2 3 4 5 6 7 8 9 0 Altura 82 Cm,4980,65,0,494
MCO872212140,Disfraz Niña Isabella Madrigal Temática Encanto,69900,130,4.8,10246
MCO563734766,Decoración Feliz Cumpleaños Oro Rosa Cortinas Bombas Guirnal,24999,500,4.7,237803
MCO841071461,Bombas Globos Satin Y Comunes R12x25unid Calidad Premium,7690,42,0,307
MCO844309988,Globo Numero Plateado 1 2 3 4 5 6 7 8 9 0 Altura 82 Cm,4980,33,0,172
MCO837388524,Pulso Manilla Repuesto Original Xiaomi Mi Band 5 / 6,4990,275,4.2,2538
MCO617060918,Manillas Pulsera Repuesto Silicona Xiaomi Mi Watch Lite,15990,775,4.3,14130
MCO842357406,"Joyero, Organizador, Estuche Para Joyería, Caja Para Joyas",70000,250,4.9,9727
MCO592117142,Collar Cuarzo Piedra Natural Dije Colores Surtidos,7900,1845,4.8,90863
MCO574696244,Reloj Deportivo Sanda 739 S Shock 2020 Resistente Al Agua,72000,700,4.6,184789
MCO881389245,2 Arete Candonga Piercing Falso Hombre Mujer Acero,9500,105,0,4031
MCO649744420,Set X 6 Aretes Pearcing Sin Perforación Falsos Cartílago,8990,400,3.7,17535
MCO597209296,"Piercing Falso Sin Perforación  Oreja, Labio, Nariz 1 Und",6871,550,3.8,20345
MCO597774565,Reloj Curren 8363 Cuarzo Acero Inoxidable Cronógrafos Resist,143000,705,4.6,85866
MCO833838691,Ajustador De Tamaño De Anillo Invisible Para Anillos Suelto,24900,250,4.5,4850
MCO851290804,"Joyero Organizador De Viaje, Estuche Para Joyería.",39900,40,0,1803
MCO556538842,Anillo 8mm Acero Inoxidable Hombres Alta Calidad,24700,951,4.8,126509
MCO608087963,Anillo Hombre Acero Inoxidable,14909,340,4.6,13935
MCO547815834,Collar Parejas Novios Acero Inox Cuero Yin Yang Gato Amistad,23999,500,4.9,60124
MCO820065046,Anillo Cadena De Eslabones Giratoria Acero Inoxidable,25900,85,4.8,9815
MCO521874350,Aretes Candongas De Acero Inoxidable Excelente Calidad Arete,12815,2605,4.8,125905
MCO832865452,Pulso Manilla Correa Silicona Huawei Watch Fit,16990,94,0,3744
MCO454101711,Collar Reliquias De La Muerte Harry Potter Color Plata,5500,500,4.6,67876
MCO614793012,Collar Girasol Flor Amistad Amor Tu Eres Mi Sol,28900,53,0,3432
MCO865276202,Crocs Literide Clog Hombre Y Dama,72123,1137,4.8,46863
MCO595415616,Uniforme Pijama Medica Mujer Antifluido Scrub ,54900,3502,4.5,119316
MCO570390863,Pantalón Sudadera Jogger X 2 Unidades,59900,1798,3.8,235315
MCO604599594,Crocs Literide Hombre Y Mujer,72156,461,4.9,49451
MCO865257635, Bolso Impermeable De Ordenador Portátil Mochila De Viaje,144900,500,4,19867
MCO860959440,Crocs Literide Clog Hombre Y Mujer,70900,410,4.8,14585
MCO563872000,Pantalon En Dril Licrado Para Hombre ,58500,3838,4.7,318195
MCO617819876,Organizador Kit Viajero (6 Und),49900,880,4.4,15658
MCO862780478,Cinta Levanta Busto Seno Adhesiva Invisible Push Up,39500,500,4.1,11432
MCO568321632,Camibuso Cuello Redondo T-shirt Colores Manga Larga,23250,6050,4.6,118036
MCO800009540,Billetera Inteligente Anti Rfid Automática Pop - Up,42415,775,4,87837
MCO852835294,Media Compresion Anti Varices Circulacion Cremallera Conpres,26600,900,4,9517
MCO576870813,Chaqueta Buzo Sudadera Algodón Hombre,40392,144,4.4,98979
MCO598132209,Chaqueta Hombre Capota Removible Impermeable Térmica ,89999,1460,4.7,115199
MCO865257172,Zapatos Acuaticos Agua Playa Hombre Mujer Piscina Sandalia ,107900,220,4.8,14137
MCO869692087,Converse All Star En Zapato Para Hombre Y Mujer,90000,241,5,7766
MCO561105839,Camisetas Tipo Polo Gruesitas Colores Surtidos Mujer Hombre,32990,758,4.1,43190
MCO910872828,Cinta Levanta Busto Seno Boob Tape Adhesiva Push Up ,27990,100,0,1714
MCO807883992,Overol Drill Enterizo Industrial Para Trabajo O Dotación,45900,1226,4.4,23037
MCO617782686,Pantalón Sudadera Jogger Hombre X3 Unidades + Envío Gratis ,90000,1800,4,81060
MCO602901651,Tensiómetro Digital Brazo Presión Arteri Función Voz+estuche,79900,5000,4.7,63770
MCO653055300,Caja Tapabocas Negro X 50 Empaq - Unidad a $250,12500,6475,4.5,41296
MCO608331969,Caja Tapabocas Niño Pediatrico - Unidad a $298,14900,15534,4.7,134798
MCO865169207,Caja X 100 Unds Guantes Nitrilo,39010,415,4.8,11080
MCO801736811,Bascula Inteligente Pesa Bluetooth Vidrio Templa Digital App,36400,500,4.5,23070
MCO835099260,Super Mega Gainer 5lb+creatina,99900,500,4.7,51650
MCO512390678,Tensiómetro Digital Profesional Brazo Arterial +exacto,70000,5000,4.7,280640
MCO568012815,Plantillas Ortopédicas Italianas Aumenta Estatura Hasta 7cm,17500,500,4.6,36714
MCO878363623,Creatina 300 Gr Monohidratada - Unidad a $70000,70000,250,3.9,4629
MCO508140231,Creatina Hcl Smart Power Proscien - Unidad a $95000,95000,500,4.3,111884
MCO629396647,Masajeador Muscular Pistola Masaje Terapéutico Inalámbrico,79900,500,4.5,17429
MCO607982756,Super Mega Gainer 5 Libras 5lb Lbs Hipercalorica Gmn,68950,500,4.7,34914
MCO578830962,Tapabocas Caja X 50 Unidades 3 Capa - Unidad a $235,11749,725,4.5,6537
MCO822914013,Super Advanced Whey Protein 5lb - L a $25398,126990,755,4.1,14366
MCO451549573,Nebulizador Adulto Pediatrico + Tula ® 2 Mascarillas ,147100,500,4.7,114172
MCO566618223,Tensiómetro De Brazo Beurer Bm 28,132068,500,4.8,125192
MCO531303258,Creatina 300 Gramos Monohidratada Prot - L a $89900,89900,500,4.1,82393
MCO549732944,Kit Tatuaje Tatuar Tattoo 2 Maquinas Profesionales,279900,500,4.9,127531
MCO622390083,Caja De Incienso X 200 Varitas - Aromaterapia,23900,232,4.1,4490
MCO479513573,10 Parches Para La Curación Del Tatuaje Dermalize,22750,500,4.8,12277
MCO857876857,Palo Santo Sahumerio Incienso,15900,100,0,1119
MCO892889740,Canva Pro Suscripcion Profesional - 12 Meses Garantia,30000,25,0,434
MCO851293087,Pin Tarjeta Netflix 20.000 Original Entrega Rapida,28000,50,0,424
MCO598423052,10 Parches Para La Curación Del Tatuaje Dermalize,21900,50,0,808
MCO590213777,Crema Tatuajes Old Tattoo 21gr Vitamina A Y D Reparadora,14990,200,4.5,5065
MCO640461228,Gift Card Google Play - ¡youtub Premium! - Entrega Las 24hs,10000,150,0,4097
MCO879358352,Paquete X200 Conos Incienso Sahumerio Reflujo Para Quemador,26900,50,4.5,548
MCO563153800,Stencil Proton 1.5 Oz Tattoo & Tatuaje Plantilla Transfer,17900,250,5,9814
MCO532437392,Cartuchos Para Tatuar Spark Caja 20 Unidades,60000,500,4.9,18986
MCO611763583,Salvia Blanca Californiana Rollo 10cm -cosecha Sostenible-,13900,500,4.3,10787
MCO843648708,Rollo De Salvia Blanca Californiana Importada Sahumerio,16900,50,0,635
MCO637199918,Caja De Carbón Litúrgico Para Narguila X 100unds,29800,200,4.5,1721
MCO562433644,Caja De Incienso X 200 Varitas - Aromaterapia,23400,685,4.6,38338
MCO454844305,Piedra Para Encendedor Zippo - Cod 2406n,6700,500,5,32903
MCO645543742,2 Pieles Sintéticas De 20 Cms X 29cms Para Tatuar Tattoo ,22000,150,4.3,2084
MCO938462774,Crema Tktx Crema Tópica,45000,5,0,238
MCO658953590,Gift Card Premium Uptobox 30 Dias Garantia 1 Mes,15900,50,0,553
