categoria,anio,titulo,precio,moneda,condicion,ventas,url,rentabilidad
MCO1055,2018,Xiaomi Redmi Note 11s Dual Sim 128 Gb Gris Grafito 6 Gb Ram,941077,COP,new,0,https://www.mercadolibre.com.co/xiaomi-redmi-note-11s-dual-sim-128-gb-gris-grafito-6-gb-ram/p/MCO18983370,Poco rentable
MCO1055,2018,Xiaomi Redmi 9a Dual Sim 32 Gb Verde Majestuoso 2 Gb Ram,356071,COP,new,1,https://www.mercadolibre.com.co/xiaomi-redmi-9a-dual-sim-32-gb-verde-majestuoso-2-gb-ram/p/MCO15927747,Poco rentable
MCO1055,2018,Nokia 105 4g 128 Mb Negro 48 Mb Ram,129000,COP,new,200,https://www.mercadolibre.com.co/nokia-105-4g-128-mb-negro-48-mb-ram/p/MCO18927423,Muy rentable
MCO1055,2018,Xiaomi Redmi Note 11 (snapdragon) Dual Sim 128 Gb Azul Estelar 4 Gb Ram,742900,COP,new,5,https://www.mercadolibre.com.co/xiaomi-redmi-note-11-snapdragon-dual-sim-128-gb-azul-estelar-4-gb-ram/p/MCO18924351,Poco rentable
MCO1055,2018,Samsung Galaxy A22 5g Dual Sim 128 Gb Gray 4 Gb Ram,780000,COP,new,3,https://www.mercadolibre.com.co/samsung-galaxy-a22-5g-dual-sim-128-gb-gray-4-gb-ram/p/MCO18360198,Poco rentable
MCO1055,2018,Xiaomi Redmi Note 10 Pro (108 Mpx) Dual Sim 128 Gb Gris Ónix 6 Gb Ram,1290000,COP,new,5,https://www.mercadolibre.com.co/xiaomi-redmi-note-10-pro-108-mpx-dual-sim-128-gb-gris-onix-6-gb-ram/p/MCO17953707,Poco rentable
MCO1055,2018,Xiaomi Redmi A1 2022 Dual Sim 32 Gb Azul Claro 2 Gb Ram,394900,COP,new,25,https://www.mercadolibre.com.co/xiaomi-redmi-a1-2022-dual-sim-32-gb-azul-claro-2-gb-ram/p/MCO19676319,Rentable
MCO1055,2018,Tecno Pova 4 Dual Sim 256 Gb Naranja Rutilo 8 Gb Ram,949900,COP,new,100,https://www.mercadolibre.com.co/tecno-pova-4-dual-sim-256-gb-naranja-rutilo-8-gb-ram/p/MCO19891740,Muy rentable
MCO1055,2018,Samsung Galaxy A32 Dual Sim 128 Gb Awesome Black 4 Gb Ram,1079900,COP,new,5,https://www.mercadolibre.com.co/samsung-galaxy-a32-dual-sim-128-gb-awesome-black-4-gb-ram/p/MCO17465171,Poco rentable
MCO1055,2018, Moto G22 128 Gb Iceberg Blue 4 Gb Ram,655529,COP,new,1,https://www.mercadolibre.com.co/moto-g22-128-gb-iceberg-blue-4-gb-ram/p/MCO19049556,Poco rentable
MCO1055,2018,Samsung Galaxy A53 5g Dual Sim 128 Gb Negro Asombroso 6 Gb Ram,1799000,COP,new,1,https://www.mercadolibre.com.co/samsung-galaxy-a53-5g-dual-sim-128-gb-negro-asombroso-6-gb-ram/p/MCO19074043,Poco rentable
MCO1055,2018,Nokia 110 (2019) Dual Sim 32 Mb Negro 32 Mb Ram,97200,COP,new,150,https://www.mercadolibre.com.co/nokia-110-2019-dual-sim-32-mb-negro-32-mb-ram/p/MCO18416364,Muy rentable
MCO1055,2018,Samsung Galaxy A03s Dual Sim 64 Gb Negro 4 Gb Ram,501837,COP,new,5,https://www.mercadolibre.com.co/samsung-galaxy-a03s-dual-sim-64-gb-negro-4-gb-ram/p/MCO18471787,Poco rentable
MCO1055,2018,Samsung Galaxy S22 (snapdragon) Dual Sim 256 Gb Phantom Black 8 Gb Ram,2999900,COP,new,100,https://www.mercadolibre.com.co/samsung-galaxy-s22-snapdragon-dual-sim-256-gb-phantom-black-8-gb-ram/p/MCO18970714,Muy rentable
MCO1055,2018,Xiaomi Mi 11 Lite 5g Ne Dual Sim 128 Gb Negro Trufa 8 Gb Ram,1399900,COP,new,0,https://www.mercadolibre.com.co/xiaomi-mi-11-lite-5g-ne-dual-sim-128-gb-negro-trufa-8-gb-ram/p/MCO18612467,Poco rentable
MCO1055,2019,Xiaomi Redmi Note 11s Dual Sim 128 Gb Gris Grafito 6 Gb Ram,941077,COP,new,0,https://www.mercadolibre.com.co/xiaomi-redmi-note-11s-dual-sim-128-gb-gris-grafito-6-gb-ram/p/MCO18983370,Poco rentable
MCO1055,2019,Xiaomi Redmi 9a Dual Sim 32 Gb Verde Majestuoso 2 Gb Ram,356071,COP,new,1,https://www.mercadolibre.com.co/xiaomi-redmi-9a-dual-sim-32-gb-verde-majestuoso-2-gb-ram/p/MCO15927747,Poco rentable
MCO1055,2019,Nokia 105 4g 128 Mb Negro 48 Mb Ram,129000,COP,new,200,https://www.mercadolibre.com.co/nokia-105-4g-128-mb-negro-48-mb-ram/p/MCO18927423,Muy rentable
MCO1055,2019,Xiaomi Redmi Note 11 (snapdragon) Dual Sim 128 Gb Azul Estelar 4 Gb Ram,742900,COP,new,5,https://www.mercadolibre.com.co/xiaomi-redmi-note-11-snapdragon-dual-sim-128-gb-azul-estelar-4-gb-ram/p/MCO18924351,Poco rentable
MCO1055,2019,Samsung Galaxy A22 5g Dual Sim 128 Gb Gray 4 Gb Ram,780000,COP,new,3,https://www.mercadolibre.com.co/samsung-galaxy-a22-5g-dual-sim-128-gb-gray-4-gb-ram/p/MCO18360198,Poco rentable
MCO1055,2019,Xiaomi Redmi Note 10 Pro (108 Mpx) Dual Sim 128 Gb Gris Ónix 6 Gb Ram,1290000,COP,new,5,https://www.mercadolibre.com.co/xiaomi-redmi-note-10-pro-108-mpx-dual-sim-128-gb-gris-onix-6-gb-ram/p/MCO17953707,Poco rentable
MCO1055,2019,Xiaomi Redmi A1 2022 Dual Sim 32 Gb Azul Claro 2 Gb Ram,394900,COP,new,25,https://www.mercadolibre.com.co/xiaomi-redmi-a1-2022-dual-sim-32-gb-azul-claro-2-gb-ram/p/MCO19676319,Rentable
MCO1055,2019,Tecno Pova 4 Dual Sim 256 Gb Naranja Rutilo 8 Gb Ram,949900,COP,new,100,https://www.mercadolibre.com.co/tecno-pova-4-dual-sim-256-gb-naranja-rutilo-8-gb-ram/p/MCO19891740,Muy rentable
MCO1055,2019,Samsung Galaxy A32 Dual Sim 128 Gb Awesome Black 4 Gb Ram,1079900,COP,new,5,https://www.mercadolibre.com.co/samsung-galaxy-a32-dual-sim-128-gb-awesome-black-4-gb-ram/p/MCO17465171,Poco rentable
MCO1055,2019, Moto G22 128 Gb Iceberg Blue 4 Gb Ram,655529,COP,new,1,https://www.mercadolibre.com.co/moto-g22-128-gb-iceberg-blue-4-gb-ram/p/MCO19049556,Poco rentable
MCO1055,2019,Samsung Galaxy A53 5g Dual Sim 128 Gb Negro Asombroso 6 Gb Ram,1799000,COP,new,1,https://www.mercadolibre.com.co/samsung-galaxy-a53-5g-dual-sim-128-gb-negro-asombroso-6-gb-ram/p/MCO19074043,Poco rentable
MCO1055,2019,Nokia 110 (2019) Dual Sim 32 Mb Negro 32 Mb Ram,97200,COP,new,150,https://www.mercadolibre.com.co/nokia-110-2019-dual-sim-32-mb-negro-32-mb-ram/p/MCO18416364,Muy rentable
MCO1055,2019,Samsung Galaxy A03s Dual Sim 64 Gb Negro 4 Gb Ram,501837,COP,new,5,https://www.mercadolibre.com.co/samsung-galaxy-a03s-dual-sim-64-gb-negro-4-gb-ram/p/MCO18471787,Poco rentable
MCO1055,2019,Samsung Galaxy S22 (snapdragon) Dual Sim 256 Gb Phantom Black 8 Gb Ram,2999900,COP,new,100,https://www.mercadolibre.com.co/samsung-galaxy-s22-snapdragon-dual-sim-256-gb-phantom-black-8-gb-ram/p/MCO18970714,Muy rentable
MCO1055,2019,Xiaomi Mi 11 Lite 5g Ne Dual Sim 128 Gb Negro Trufa 8 Gb Ram,1399900,COP,new,0,https://www.mercadolibre.com.co/xiaomi-mi-11-lite-5g-ne-dual-sim-128-gb-negro-trufa-8-gb-ram/p/MCO18612467,Poco rentable
MCO1055,2020,Xiaomi Redmi Note 11s Dual Sim 128 Gb Gris Grafito 6 Gb Ram,941077,COP,new,0,https://www.mercadolibre.com.co/xiaomi-redmi-note-11s-dual-sim-128-gb-gris-grafito-6-gb-ram/p/MCO18983370,Poco rentable
MCO1055,2020,Xiaomi Redmi 9a Dual Sim 32 Gb Verde Majestuoso 2 Gb Ram,356071,COP,new,1,https://www.mercadolibre.com.co/xiaomi-redmi-9a-dual-sim-32-gb-verde-majestuoso-2-gb-ram/p/MCO15927747,Poco rentable
MCO1055,2020,Nokia 105 4g 128 Mb Negro 48 Mb Ram,129000,COP,new,200,https://www.mercadolibre.com.co/nokia-105-4g-128-mb-negro-48-mb-ram/p/MCO18927423,Muy rentable
MCO1055,2020,Xiaomi Redmi Note 11 (snapdragon) Dual Sim 128 Gb Azul Estelar 4 Gb Ram,742900,COP,new,5,https://www.mercadolibre.com.co/xiaomi-redmi-note-11-snapdragon-dual-sim-128-gb-azul-estelar-4-gb-ram/p/MCO18924351,Poco rentable
MCO1055,2020,Samsung Galaxy A22 5g Dual Sim 128 Gb Gray 4 Gb Ram,780000,COP,new,3,https://www.mercadolibre.com.co/samsung-galaxy-a22-5g-dual-sim-128-gb-gray-4-gb-ram/p/MCO18360198,Poco rentable
MCO1055,2020,Xiaomi Redmi Note 10 Pro (108 Mpx) Dual Sim 128 Gb Gris Ónix 6 Gb Ram,1290000,COP,new,5,https://www.mercadolibre.com.co/xiaomi-redmi-note-10-pro-108-mpx-dual-sim-128-gb-gris-onix-6-gb-ram/p/MCO17953707,Poco rentable
MCO1055,2020,Xiaomi Redmi A1 2022 Dual Sim 32 Gb Azul Claro 2 Gb Ram,394900,COP,new,25,https://www.mercadolibre.com.co/xiaomi-redmi-a1-2022-dual-sim-32-gb-azul-claro-2-gb-ram/p/MCO19676319,Rentable
MCO1055,2020,Tecno Pova 4 Dual Sim 256 Gb Naranja Rutilo 8 Gb Ram,949900,COP,new,100,https://www.mercadolibre.com.co/tecno-pova-4-dual-sim-256-gb-naranja-rutilo-8-gb-ram/p/MCO19891740,Muy rentable
MCO1055,2020,Samsung Galaxy A32 Dual Sim 128 Gb Awesome Black 4 Gb Ram,1079900,COP,new,5,https://www.mercadolibre.com.co/samsung-galaxy-a32-dual-sim-128-gb-awesome-black-4-gb-ram/p/MCO17465171,Poco rentable
MCO1055,2020, Moto G22 128 Gb Iceberg Blue 4 Gb Ram,655529,COP,new,1,https://www.mercadolibre.com.co/moto-g22-128-gb-iceberg-blue-4-gb-ram/p/MCO19049556,Poco rentable
MCO1055,2020,Samsung Galaxy A53 5g Dual Sim 128 Gb Negro Asombroso 6 Gb Ram,1799000,COP,new,1,https://www.mercadolibre.com.co/samsung-galaxy-a53-5g-dual-sim-128-gb-negro-asombroso-6-gb-ram/p/MCO19074043,Poco rentable
MCO1055,2020,Nokia 110 (2019) Dual Sim 32 Mb Negro 32 Mb Ram,97200,COP,new,150,https://www.mercadolibre.com.co/nokia-110-2019-dual-sim-32-mb-negro-32-mb-ram/p/MCO18416364,Muy rentable
MCO1055,2020,Samsung Galaxy A03s Dual Sim 64 Gb Negro 4 Gb Ram,501837,COP,new,5,https://www.mercadolibre.com.co/samsung-galaxy-a03s-dual-sim-64-gb-negro-4-gb-ram/p/MCO18471787,Poco rentable
MCO1055,2020,Samsung Galaxy S22 (snapdragon) Dual Sim 256 Gb Phantom Black 8 Gb Ram,2999900,COP,new,100,https://www.mercadolibre.com.co/samsung-galaxy-s22-snapdragon-dual-sim-256-gb-phantom-black-8-gb-ram/p/MCO18970714,Muy rentable
MCO1055,2020,Xiaomi Mi 11 Lite 5g Ne Dual Sim 128 Gb Negro Trufa 8 Gb Ram,1399900,COP,new,0,https://www.mercadolibre.com.co/xiaomi-mi-11-lite-5g-ne-dual-sim-128-gb-negro-trufa-8-gb-ram/p/MCO18612467,Poco rentable
MCO1055,2021,Xiaomi Redmi Note 11s Dual Sim 128 Gb Gris Grafito 6 Gb Ram,941077,COP,new,0,https://www.mercadolibre.com.co/xiaomi-redmi-note-11s-dual-sim-128-gb-gris-grafito-6-gb-ram/p/MCO18983370,Poco rentable
MCO1055,2021,Xiaomi Redmi 9a Dual Sim 32 Gb Verde Majestuoso 2 Gb Ram,356071,COP,new,1,https://www.mercadolibre.com.co/xiaomi-redmi-9a-dual-sim-32-gb-verde-majestuoso-2-gb-ram/p/MCO15927747,Poco rentable
MCO1055,2021,Nokia 105 4g 128 Mb Negro 48 Mb Ram,129000,COP,new,200,https://www.mercadolibre.com.co/nokia-105-4g-128-mb-negro-48-mb-ram/p/MCO18927423,Muy rentable
MCO1055,2021,Xiaomi Redmi Note 11 (snapdragon) Dual Sim 128 Gb Azul Estelar 4 Gb Ram,742900,COP,new,5,https://www.mercadolibre.com.co/xiaomi-redmi-note-11-snapdragon-dual-sim-128-gb-azul-estelar-4-gb-ram/p/MCO18924351,Poco rentable
MCO1055,2021,Samsung Galaxy A22 5g Dual Sim 128 Gb Gray 4 Gb Ram,780000,COP,new,3,https://www.mercadolibre.com.co/samsung-galaxy-a22-5g-dual-sim-128-gb-gray-4-gb-ram/p/MCO18360198,Poco rentable
MCO1055,2021,Xiaomi Redmi Note 10 Pro (108 Mpx) Dual Sim 128 Gb Gris Ónix 6 Gb Ram,1290000,COP,new,5,https://www.mercadolibre.com.co/xiaomi-redmi-note-10-pro-108-mpx-dual-sim-128-gb-gris-onix-6-gb-ram/p/MCO17953707,Poco rentable
MCO1055,2021,Xiaomi Redmi A1 2022 Dual Sim 32 Gb Azul Claro 2 Gb Ram,394900,COP,new,25,https://www.mercadolibre.com.co/xiaomi-redmi-a1-2022-dual-sim-32-gb-azul-claro-2-gb-ram/p/MCO19676319,Rentable
MCO1055,2021,Tecno Pova 4 Dual Sim 256 Gb Naranja Rutilo 8 Gb Ram,949900,COP,new,100,https://www.mercadolibre.com.co/tecno-pova-4-dual-sim-256-gb-naranja-rutilo-8-gb-ram/p/MCO19891740,Muy rentable
MCO1055,2021,Samsung Galaxy A32 Dual Sim 128 Gb Awesome Black 4 Gb Ram,1079900,COP,new,5,https://www.mercadolibre.com.co/samsung-galaxy-a32-dual-sim-128-gb-awesome-black-4-gb-ram/p/MCO17465171,Poco rentable
MCO1055,2021, Moto G22 128 Gb Iceberg Blue 4 Gb Ram,655529,COP,new,1,https://www.mercadolibre.com.co/moto-g22-128-gb-iceberg-blue-4-gb-ram/p/MCO19049556,Poco rentable
MCO1055,2021,Samsung Galaxy A53 5g Dual Sim 128 Gb Negro Asombroso 6 Gb Ram,1799000,COP,new,1,https://www.mercadolibre.com.co/samsung-galaxy-a53-5g-dual-sim-128-gb-negro-asombroso-6-gb-ram/p/MCO19074043,Poco rentable
MCO1055,2021,Nokia 110 (2019) Dual Sim 32 Mb Negro 32 Mb Ram,97200,COP,new,150,https://www.mercadolibre.com.co/nokia-110-2019-dual-sim-32-mb-negro-32-mb-ram/p/MCO18416364,Muy rentable
MCO1055,2021,Samsung Galaxy A03s Dual Sim 64 Gb Negro 4 Gb Ram,501837,COP,new,5,https://www.mercadolibre.com.co/samsung-galaxy-a03s-dual-sim-64-gb-negro-4-gb-ram/p/MCO18471787,Poco rentable
MCO1055,2021,Samsung Galaxy S22 (snapdragon) Dual Sim 256 Gb Phantom Black 8 Gb Ram,2999900,COP,new,100,https://www.mercadolibre.com.co/samsung-galaxy-s22-snapdragon-dual-sim-256-gb-phantom-black-8-gb-ram/p/MCO18970714,Muy rentable
MCO1055,2021,Xiaomi Mi 11 Lite 5g Ne Dual Sim 128 Gb Negro Trufa 8 Gb Ram,1399900,COP,new,0,https://www.mercadolibre.com.co/xiaomi-mi-11-lite-5g-ne-dual-sim-128-gb-negro-trufa-8-gb-ram/p/MCO18612467,Poco rentable
MCO1055,2022,Xiaomi Redmi Note 11s Dual Sim 128 Gb Gris Grafito 6 Gb Ram,941077,COP,new,0,https://www.mercadolibre.com.co/xiaomi-redmi-note-11s-dual-sim-128-gb-gris-grafito-6-gb-ram/p/MCO18983370,Poco rentable
MCO1055,2022,Xiaomi Redmi 9a Dual Sim 32 Gb Verde Majestuoso 2 Gb Ram,356071,COP,new,1,https://www.mercadolibre.com.co/xiaomi-redmi-9a-dual-sim-32-gb-verde-majestuoso-2-gb-ram/p/MCO15927747,Poco rentable
MCO1055,2022,Nokia 105 4g 128 Mb Negro 48 Mb Ram,129000,COP,new,200,https://www.mercadolibre.com.co/nokia-105-4g-128-mb-negro-48-mb-ram/p/MCO18927423,Muy rentable
MCO1055,2022,Xiaomi Redmi Note 11 (snapdragon) Dual Sim 128 Gb Azul Estelar 4 Gb Ram,742900,COP,new,5,https://www.mercadolibre.com.co/xiaomi-redmi-note-11-snapdragon-dual-sim-128-gb-azul-estelar-4-gb-ram/p/MCO18924351,Poco rentable
MCO1055,2022,Samsung Galaxy A22 5g Dual Sim 128 Gb Gray 4 Gb Ram,780000,COP,new,3,https://www.mercadolibre.com.co/samsung-galaxy-a22-5g-dual-sim-128-gb-gray-4-gb-ram/p/MCO18360198,Poco rentable
MCO1055,2022,Xiaomi Redmi Note 10 Pro (108 Mpx) Dual Sim 128 Gb Gris Ónix 6 Gb Ram,1290000,COP,new,5,https://www.mercadolibre.com.co/xiaomi-redmi-note-10-pro-108-mpx-dual-sim-128-gb-gris-onix-6-gb-ram/p/MCO17953707,Poco rentable
MCO1055,2022,Xiaomi Redmi A1 2022 Dual Sim 32 Gb Azul Claro 2 Gb Ram,394900,COP,new,25,https://www.mercadolibre.com.co/xiaomi-redmi-a1-2022-dual-sim-32-gb-azul-claro-2-gb-ram/p/MCO19676319,Rentable
MCO1055,2022,Tecno Pova 4 Dual Sim 256 Gb Naranja Rutilo 8 Gb Ram,949900,COP,new,100,https://www.mercadolibre.com.co/tecno-pova-4-dual-sim-256-gb-naranja-rutilo-8-gb-ram/p/MCO19891740,Muy rentable
MCO1055,2022,Samsung Galaxy A32 Dual Sim 128 Gb Awesome Black 4 Gb Ram,1079900,COP,new,5,https://www.mercadolibre.com.co/samsung-galaxy-a32-dual-sim-128-gb-awesome-black-4-gb-ram/p/MCO17465171,Poco rentable
MCO1055,2022, Moto G22 128 Gb Iceberg Blue 4 Gb Ram,655529,COP,new,1,https://www.mercadolibre.com.co/moto-g22-128-gb-iceberg-blue-4-gb-ram/p/MCO19049556,Poco rentable
MCO1055,2022,Samsung Galaxy A53 5g Dual Sim 128 Gb Negro Asombroso 6 Gb Ram,1799000,COP,new,1,https://www.mercadolibre.com.co/samsung-galaxy-a53-5g-dual-sim-128-gb-negro-asombroso-6-gb-ram/p/MCO19074043,Poco rentable
MCO1055,2022,Nokia 110 (2019) Dual Sim 32 Mb Negro 32 Mb Ram,97200,COP,new,150,https://www.mercadolibre.com.co/nokia-110-2019-dual-sim-32-mb-negro-32-mb-ram/p/MCO18416364,Muy rentable
MCO1055,2022,Samsung Galaxy A03s Dual Sim 64 Gb Negro 4 Gb Ram,501837,COP,new,5,https://www.mercadolibre.com.co/samsung-galaxy-a03s-dual-sim-64-gb-negro-4-gb-ram/p/MCO18471787,Poco rentable
MCO1055,2022,Samsung Galaxy S22 (snapdragon) Dual Sim 256 Gb Phantom Black 8 Gb Ram,2999900,COP,new,100,https://www.mercadolibre.com.co/samsung-galaxy-s22-snapdragon-dual-sim-256-gb-phantom-black-8-gb-ram/p/MCO18970714,Muy rentable
MCO1055,2022,Xiaomi Mi 11 Lite 5g Ne Dual Sim 128 Gb Negro Trufa 8 Gb Ram,1399900,COP,new,0,https://www.mercadolibre.com.co/xiaomi-mi-11-lite-5g-ne-dual-sim-128-gb-negro-trufa-8-gb-ram/p/MCO18612467,Poco rentable
MCO1648,2018,Disco Sólido Ssd Interno Kingston Sa400s37/480g 480gb Negro,137567,COP,new,100,https://www.mercadolibre.com.co/disco-solido-ssd-interno-kingston-sa400s37480g-480gb-negro/p/MCO17978326,Muy rentable
MCO1648,2018,Audífonos In-ear Inalámbricos F9-5 Negro,85000,COP,new,4,https://www.mercadolibre.com.co/audifonos-in-ear-inalambricos-f9-5-negro/p/MCO16224063,Poco rentable
MCO1648,2018,Disco Sólido Ssd Interno Kingston Sa400s37/240g 240gb Negro,91881,COP,new,150,https://www.mercadolibre.com.co/disco-solido-ssd-interno-kingston-sa400s37240g-240gb-negro/p/MCO19035706,Muy rentable
MCO1648,2018,Mouse Vertical Recargable Weibo  Wb-881 Negro,30198,COP,new,150,https://www.mercadolibre.com.co/mouse-vertical-recargable-weibo-wb-881-negro/p/MCO16051104,Muy rentable
MCO1648,2018,Soporte North Bayou Nb-p4 De Pared Para Tv/monitor De 32  A 55  Negro,88102,COP,new,0,https://www.mercadolibre.com.co/soporte-north-bayou-nb-p4-de-pared-para-tvmonitor-de-32-a-55-negro/p/MCO15248172,Poco rentable
MCO1648,2018,Monitor Gamer Samsung S19a330 Lcd 19  Negro 100v/240v,295319,COP,new,500,https://www.mercadolibre.com.co/monitor-gamer-samsung-s19a330-lcd-19-negro-100v240v/p/MCO18442095,Muy rentable
MCO1648,2018,Audífonos Gamer Kotion G2000 Negro Y Azul Con Luz Led,53955,COP,new,500,https://www.mercadolibre.com.co/audifonos-gamer-kotion-g2000-negro-y-azul-con-luz-led/p/MCO6351840,Muy rentable
MCO1648,2018,Disco Duro Externo Toshiba Canvio Basics Hdtb410xk3aa 1tb Negro,220000,COP,new,100,https://www.mercadolibre.com.co/disco-duro-externo-toshiba-canvio-basics-hdtb410xk3aa-1tb-negro/p/MCO10687522,Muy rentable
MCO1648,2018,Impresora A Color  Multifunción Epson Ecotank L3210 Negra 110v,629000,COP,new,500,https://www.mercadolibre.com.co/impresora-a-color-multifuncion-epson-ecotank-l3210-negra-110v/p/MCO18352526,Muy rentable
MCO1648,2018,Disco Sólido Ssd Interno Crucial Ct240bx500ssd1 240gb Negro,95000,COP,new,500,https://www.mercadolibre.com.co/disco-solido-ssd-interno-crucial-ct240bx500ssd1-240gb-negro/p/MCO18102729,Muy rentable
MCO1648,2018,Impresora A Color  Multifunción Hp Deskjet Ink Advantage 2775 Con Wifi Blanca 100v/240v,258632,COP,new,50,https://www.mercadolibre.com.co/impresora-a-color-multifuncion-hp-deskjet-ink-advantage-2775-con-wifi-blanca-100v240v/p/MCO16008292,Muy rentable
MCO1648,2018,Ups Chicago Digital Power R-series R-upr 1008 1000va Entrada De 120v Con Entrada Y Salida De 120v Ca Negro Y Blanco,254000,COP,new,500,https://www.mercadolibre.com.co/ups-chicago-digital-power-r-series-r-upr-1008-1000va-entrada-de-120v-con-entrada-y-salida-de-120v-ca-negro-y-blanco/p/MCO9435007,Muy rentable
MCO1648,2018,Kit De Teclado Y Mouse Inalámbrico Logitech Mk235 Español De Color Negro,103900,COP,new,250,https://www.mercadolibre.com.co/kit-de-teclado-y-mouse-inalambrico-logitech-mk235-espanol-de-color-negro/p/MCO18610706,Muy rentable
MCO1648,2018,Memoria Ram Color Verde  8gb 1 Crucial Ct8g4sfs8266,100000,COP,new,500,https://www.mercadolibre.com.co/memoria-ram-color-verde-8gb-1-crucial-ct8g4sfs8266/p/MCO11011362,Muy rentable
MCO1648,2018,Memoria Ram Color Verde  8gb 1 Samsung M471b1g73db0-yk0,61512,COP,new,250,https://www.mercadolibre.com.co/memoria-ram-color-verde-8gb-1-samsung-m471b1g73db0-yk0/p/MCO9650773,Muy rentable
MCO1648,2019,Disco Sólido Ssd Interno Kingston Sa400s37/480g 480gb Negro,137567,COP,new,100,https://www.mercadolibre.com.co/disco-solido-ssd-interno-kingston-sa400s37480g-480gb-negro/p/MCO17978326,Muy rentable
MCO1648,2019,Audífonos In-ear Inalámbricos F9-5 Negro,85000,COP,new,4,https://www.mercadolibre.com.co/audifonos-in-ear-inalambricos-f9-5-negro/p/MCO16224063,Poco rentable
MCO1648,2019,Disco Sólido Ssd Interno Kingston Sa400s37/240g 240gb Negro,91881,COP,new,150,https://www.mercadolibre.com.co/disco-solido-ssd-interno-kingston-sa400s37240g-240gb-negro/p/MCO19035706,Muy rentable
MCO1648,2019,Mouse Vertical Recargable Weibo  Wb-881 Negro,30198,COP,new,150,https://www.mercadolibre.com.co/mouse-vertical-recargable-weibo-wb-881-negro/p/MCO16051104,Muy rentable
MCO1648,2019,Soporte North Bayou Nb-p4 De Pared Para Tv/monitor De 32  A 55  Negro,88102,COP,new,0,https://www.mercadolibre.com.co/soporte-north-bayou-nb-p4-de-pared-para-tvmonitor-de-32-a-55-negro/p/MCO15248172,Poco rentable
MCO1648,2019,Monitor Gamer Samsung S19a330 Lcd 19  Negro 100v/240v,295319,COP,new,500,https://www.mercadolibre.com.co/monitor-gamer-samsung-s19a330-lcd-19-negro-100v240v/p/MCO18442095,Muy rentable
MCO1648,2019,Audífonos Gamer Kotion G2000 Negro Y Azul Con Luz Led,53955,COP,new,500,https://www.mercadolibre.com.co/audifonos-gamer-kotion-g2000-negro-y-azul-con-luz-led/p/MCO6351840,Muy rentable
MCO1648,2019,Disco Duro Externo Toshiba Canvio Basics Hdtb410xk3aa 1tb Negro,220000,COP,new,100,https://www.mercadolibre.com.co/disco-duro-externo-toshiba-canvio-basics-hdtb410xk3aa-1tb-negro/p/MCO10687522,Muy rentable
MCO1648,2019,Impresora A Color  Multifunción Epson Ecotank L3210 Negra 110v,629000,COP,new,500,https://www.mercadolibre.com.co/impresora-a-color-multifuncion-epson-ecotank-l3210-negra-110v/p/MCO18352526,Muy rentable
MCO1648,2019,Disco Sólido Ssd Interno Crucial Ct240bx500ssd1 240gb Negro,95000,COP,new,500,https://www.mercadolibre.com.co/disco-solido-ssd-interno-crucial-ct240bx500ssd1-240gb-negro/p/MCO18102729,Muy rentable
MCO1648,2019,Impresora A Color  Multifunción Hp Deskjet Ink Advantage 2775 Con Wifi Blanca 100v/240v,258632,COP,new,50,https://www.mercadolibre.com.co/impresora-a-color-multifuncion-hp-deskjet-ink-advantage-2775-con-wifi-blanca-100v240v/p/MCO16008292,Muy rentable
MCO1648,2019,Ups Chicago Digital Power R-series R-upr 1008 1000va Entrada De 120v Con Entrada Y Salida De 120v Ca Negro Y Blanco,254000,COP,new,500,https://www.mercadolibre.com.co/ups-chicago-digital-power-r-series-r-upr-1008-1000va-entrada-de-120v-con-entrada-y-salida-de-120v-ca-negro-y-blanco/p/MCO9435007,Muy rentable
MCO1648,2019,Kit De Teclado Y Mouse Inalámbrico Logitech Mk235 Español De Color Negro,103900,COP,new,250,https://www.mercadolibre.com.co/kit-de-teclado-y-mouse-inalambrico-logitech-mk235-espanol-de-color-negro/p/MCO18610706,Muy rentable
MCO1648,2019,Memoria Ram Color Verde  8gb 1 Crucial Ct8g4sfs8266,100000,COP,new,500,https://www.mercadolibre.com.co/memoria-ram-color-verde-8gb-1-crucial-ct8g4sfs8266/p/MCO11011362,Muy rentable
MCO1648,2019,Memoria Ram Color Verde  8gb 1 Samsung M471b1g73db0-yk0,61512,COP,new,250,https://www.mercadolibre.com.co/memoria-ram-color-verde-8gb-1-samsung-m471b1g73db0-yk0/p/MCO9650773,Muy rentable
MCO1648,2020,Disco Sólido Ssd Interno Kingston Sa400s37/480g 480gb Negro,137567,COP,new,100,https://www.mercadolibre.com.co/disco-solido-ssd-interno-kingston-sa400s37480g-480gb-negro/p/MCO17978326,Muy rentable
MCO1648,2020,Audífonos In-ear Inalámbricos F9-5 Negro,85000,COP,new,4,https://www.mercadolibre.com.co/audifonos-in-ear-inalambricos-f9-5-negro/p/MCO16224063,Poco rentable
MCO1648,2020,Disco Sólido Ssd Interno Kingston Sa400s37/240g 240gb Negro,91881,COP,new,150,https://www.mercadolibre.com.co/disco-solido-ssd-interno-kingston-sa400s37240g-240gb-negro/p/MCO19035706,Muy rentable
MCO1648,2020,Mouse Vertical Recargable Weibo  Wb-881 Negro,30198,COP,new,150,https://www.mercadolibre.com.co/mouse-vertical-recargable-weibo-wb-881-negro/p/MCO16051104,Muy rentable
MCO1648,2020,Soporte North Bayou Nb-p4 De Pared Para Tv/monitor De 32  A 55  Negro,88102,COP,new,0,https://www.mercadolibre.com.co/soporte-north-bayou-nb-p4-de-pared-para-tvmonitor-de-32-a-55-negro/p/MCO15248172,Poco rentable
MCO1648,2020,Monitor Gamer Samsung S19a330 Lcd 19  Negro 100v/240v,295319,COP,new,500,https://www.mercadolibre.com.co/monitor-gamer-samsung-s19a330-lcd-19-negro-100v240v/p/MCO18442095,Muy rentable
MCO1648,2020,Audífonos Gamer Kotion G2000 Negro Y Azul Con Luz Led,53955,COP,new,500,https://www.mercadolibre.com.co/audifonos-gamer-kotion-g2000-negro-y-azul-con-luz-led/p/MCO6351840,Muy rentable
MCO1648,2020,Disco Duro Externo Toshiba Canvio Basics Hdtb410xk3aa 1tb Negro,220000,COP,new,100,https://www.mercadolibre.com.co/disco-duro-externo-toshiba-canvio-basics-hdtb410xk3aa-1tb-negro/p/MCO10687522,Muy rentable
MCO1648,2020,Impresora A Color  Multifunción Epson Ecotank L3210 Negra 110v,629000,COP,new,500,https://www.mercadolibre.com.co/impresora-a-color-multifuncion-epson-ecotank-l3210-negra-110v/p/MCO18352526,Muy rentable
MCO1648,2020,Disco Sólido Ssd Interno Crucial Ct240bx500ssd1 240gb Negro,95000,COP,new,500,https://www.mercadolibre.com.co/disco-solido-ssd-interno-crucial-ct240bx500ssd1-240gb-negro/p/MCO18102729,Muy rentable
MCO1648,2020,Impresora A Color  Multifunción Hp Deskjet Ink Advantage 2775 Con Wifi Blanca 100v/240v,258632,COP,new,50,https://www.mercadolibre.com.co/impresora-a-color-multifuncion-hp-deskjet-ink-advantage-2775-con-wifi-blanca-100v240v/p/MCO16008292,Muy rentable
MCO1648,2020,Ups Chicago Digital Power R-series R-upr 1008 1000va Entrada De 120v Con Entrada Y Salida De 120v Ca Negro Y Blanco,254000,COP,new,500,https://www.mercadolibre.com.co/ups-chicago-digital-power-r-series-r-upr-1008-1000va-entrada-de-120v-con-entrada-y-salida-de-120v-ca-negro-y-blanco/p/MCO9435007,Muy rentable
MCO1648,2020,Kit De Teclado Y Mouse Inalámbrico Logitech Mk235 Español De Color Negro,103900,COP,new,250,https://www.mercadolibre.com.co/kit-de-teclado-y-mouse-inalambrico-logitech-mk235-espanol-de-color-negro/p/MCO18610706,Muy rentable
MCO1648,2020,Memoria Ram Color Verde  8gb 1 Crucial Ct8g4sfs8266,100000,COP,new,500,https://www.mercadolibre.com.co/memoria-ram-color-verde-8gb-1-crucial-ct8g4sfs8266/p/MCO11011362,Muy rentable
MCO1648,2020,Memoria Ram Color Verde  8gb 1 Samsung M471b1g73db0-yk0,61512,COP,new,250,https://www.mercadolibre.com.co/memoria-ram-color-verde-8gb-1-samsung-m471b1g73db0-yk0/p/MCO9650773,Muy rentable
MCO1648,2021,Disco Sólido Ssd Interno Kingston Sa400s37/480g 480gb Negro,137567,COP,new,100,https://www.mercadolibre.com.co/disco-solido-ssd-interno-kingston-sa400s37480g-480gb-negro/p/MCO17978326,Muy rentable
MCO1648,2021,Audífonos In-ear Inalámbricos F9-5 Negro,85000,COP,new,4,https://www.mercadolibre.com.co/audifonos-in-ear-inalambricos-f9-5-negro/p/MCO16224063,Poco rentable
MCO1648,2021,Disco Sólido Ssd Interno Kingston Sa400s37/240g 240gb Negro,91881,COP,new,150,https://www.mercadolibre.com.co/disco-solido-ssd-interno-kingston-sa400s37240g-240gb-negro/p/MCO19035706,Muy rentable
MCO1648,2021,Mouse Vertical Recargable Weibo  Wb-881 Negro,30198,COP,new,150,https://www.mercadolibre.com.co/mouse-vertical-recargable-weibo-wb-881-negro/p/MCO16051104,Muy rentable
MCO1648,2021,Soporte North Bayou Nb-p4 De Pared Para Tv/monitor De 32  A 55  Negro,88102,COP,new,0,https://www.mercadolibre.com.co/soporte-north-bayou-nb-p4-de-pared-para-tvmonitor-de-32-a-55-negro/p/MCO15248172,Poco rentable
MCO1648,2021,Monitor Gamer Samsung S19a330 Lcd 19  Negro 100v/240v,295319,COP,new,500,https://www.mercadolibre.com.co/monitor-gamer-samsung-s19a330-lcd-19-negro-100v240v/p/MCO18442095,Muy rentable
MCO1648,2021,Audífonos Gamer Kotion G2000 Negro Y Azul Con Luz Led,53955,COP,new,500,https://www.mercadolibre.com.co/audifonos-gamer-kotion-g2000-negro-y-azul-con-luz-led/p/MCO6351840,Muy rentable
MCO1648,2021,Disco Duro Externo Toshiba Canvio Basics Hdtb410xk3aa 1tb Negro,220000,COP,new,100,https://www.mercadolibre.com.co/disco-duro-externo-toshiba-canvio-basics-hdtb410xk3aa-1tb-negro/p/MCO10687522,Muy rentable
MCO1648,2021,Impresora A Color  Multifunción Epson Ecotank L3210 Negra 110v,629000,COP,new,500,https://www.mercadolibre.com.co/impresora-a-color-multifuncion-epson-ecotank-l3210-negra-110v/p/MCO18352526,Muy rentable
MCO1648,2021,Disco Sólido Ssd Interno Crucial Ct240bx500ssd1 240gb Negro,95000,COP,new,500,https://www.mercadolibre.com.co/disco-solido-ssd-interno-crucial-ct240bx500ssd1-240gb-negro/p/MCO18102729,Muy rentable
MCO1648,2021,Impresora A Color  Multifunción Hp Deskjet Ink Advantage 2775 Con Wifi Blanca 100v/240v,258632,COP,new,50,https://www.mercadolibre.com.co/impresora-a-color-multifuncion-hp-deskjet-ink-advantage-2775-con-wifi-blanca-100v240v/p/MCO16008292,Muy rentable
MCO1648,2021,Ups Chicago Digital Power R-series R-upr 1008 1000va Entrada De 120v Con Entrada Y Salida De 120v Ca Negro Y Blanco,254000,COP,new,500,https://www.mercadolibre.com.co/ups-chicago-digital-power-r-series-r-upr-1008-1000va-entrada-de-120v-con-entrada-y-salida-de-120v-ca-negro-y-blanco/p/MCO9435007,Muy rentable
MCO1648,2021,Kit De Teclado Y Mouse Inalámbrico Logitech Mk235 Español De Color Negro,103900,COP,new,250,https://www.mercadolibre.com.co/kit-de-teclado-y-mouse-inalambrico-logitech-mk235-espanol-de-color-negro/p/MCO18610706,Muy rentable
MCO1648,2021,Memoria Ram Color Verde  8gb 1 Crucial Ct8g4sfs8266,100000,COP,new,500,https://www.mercadolibre.com.co/memoria-ram-color-verde-8gb-1-crucial-ct8g4sfs8266/p/MCO11011362,Muy rentable
MCO1648,2021,Memoria Ram Color Verde  8gb 1 Samsung M471b1g73db0-yk0,61512,COP,new,250,https://www.mercadolibre.com.co/memoria-ram-color-verde-8gb-1-samsung-m471b1g73db0-yk0/p/MCO9650773,Muy rentable
MCO1648,2022,Disco Sólido Ssd Interno Kingston Sa400s37/480g 480gb Negro,137567,COP,new,100,https://www.mercadolibre.com.co/disco-solido-ssd-interno-kingston-sa400s37480g-480gb-negro/p/MCO17978326,Muy rentable
MCO1648,2022,Audífonos In-ear Inalámbricos F9-5 Negro,85000,COP,new,4,https://www.mercadolibre.com.co/audifonos-in-ear-inalambricos-f9-5-negro/p/MCO16224063,Poco rentable
MCO1648,2022,Disco Sólido Ssd Interno Kingston Sa400s37/240g 240gb Negro,91881,COP,new,150,https://www.mercadolibre.com.co/disco-solido-ssd-interno-kingston-sa400s37240g-240gb-negro/p/MCO19035706,Muy rentable
MCO1648,2022,Mouse Vertical Recargable Weibo  Wb-881 Negro,30198,COP,new,150,https://www.mercadolibre.com.co/mouse-vertical-recargable-weibo-wb-881-negro/p/MCO16051104,Muy rentable
MCO1648,2022,Soporte North Bayou Nb-p4 De Pared Para Tv/monitor De 32  A 55  Negro,88102,COP,new,0,https://www.mercadolibre.com.co/soporte-north-bayou-nb-p4-de-pared-para-tvmonitor-de-32-a-55-negro/p/MCO15248172,Poco rentable
MCO1648,2022,Monitor Gamer Samsung S19a330 Lcd 19  Negro 100v/240v,295319,COP,new,500,https://www.mercadolibre.com.co/monitor-gamer-samsung-s19a330-lcd-19-negro-100v240v/p/MCO18442095,Muy rentable
MCO1648,2022,Audífonos Gamer Kotion G2000 Negro Y Azul Con Luz Led,53955,COP,new,500,https://www.mercadolibre.com.co/audifonos-gamer-kotion-g2000-negro-y-azul-con-luz-led/p/MCO6351840,Muy rentable
MCO1648,2022,Disco Duro Externo Toshiba Canvio Basics Hdtb410xk3aa 1tb Negro,220000,COP,new,100,https://www.mercadolibre.com.co/disco-duro-externo-toshiba-canvio-basics-hdtb410xk3aa-1tb-negro/p/MCO10687522,Muy rentable
MCO1648,2022,Impresora A Color  Multifunción Epson Ecotank L3210 Negra 110v,629000,COP,new,500,https://www.mercadolibre.com.co/impresora-a-color-multifuncion-epson-ecotank-l3210-negra-110v/p/MCO18352526,Muy rentable
MCO1648,2022,Disco Sólido Ssd Interno Crucial Ct240bx500ssd1 240gb Negro,95000,COP,new,500,https://www.mercadolibre.com.co/disco-solido-ssd-interno-crucial-ct240bx500ssd1-240gb-negro/p/MCO18102729,Muy rentable
MCO1648,2022,Impresora A Color  Multifunción Hp Deskjet Ink Advantage 2775 Con Wifi Blanca 100v/240v,258632,COP,new,50,https://www.mercadolibre.com.co/impresora-a-color-multifuncion-hp-deskjet-ink-advantage-2775-con-wifi-blanca-100v240v/p/MCO16008292,Muy rentable
MCO1648,2022,Ups Chicago Digital Power R-series R-upr 1008 1000va Entrada De 120v Con Entrada Y Salida De 120v Ca Negro Y Blanco,254000,COP,new,500,https://www.mercadolibre.com.co/ups-chicago-digital-power-r-series-r-upr-1008-1000va-entrada-de-120v-con-entrada-y-salida-de-120v-ca-negro-y-blanco/p/MCO9435007,Muy rentable
MCO1648,2022,Kit De Teclado Y Mouse Inalámbrico Logitech Mk235 Español De Color Negro,103900,COP,new,250,https://www.mercadolibre.com.co/kit-de-teclado-y-mouse-inalambrico-logitech-mk235-espanol-de-color-negro/p/MCO18610706,Muy rentable
MCO1648,2022,Memoria Ram Color Verde  8gb 1 Crucial Ct8g4sfs8266,100000,COP,new,500,https://www.mercadolibre.com.co/memoria-ram-color-verde-8gb-1-crucial-ct8g4sfs8266/p/MCO11011362,Muy rentable
MCO1648,2022,Memoria Ram Color Verde  8gb 1 Samsung M471b1g73db0-yk0,61512,COP,new,250,https://www.mercadolibre.com.co/memoria-ram-color-verde-8gb-1-samsung-m471b1g73db0-yk0/p/MCO9650773,Muy rentable
MCO1000,2018,Audífonos In-ear Gamer Inalámbricos Xiaomi Redmi Buds 3 Lite M2110e1 Negro,109145,COP,new,5,https://www.mercadolibre.com.co/audifonos-in-ear-gamer-inalambricos-xiaomi-redmi-buds-3-lite-m2110e1-negro/p/MCO19031223,Poco rentable
MCO1000,2018,Audífonos In-ear Inalámbricos F9-5 Negro,33600,COP,new,500,https://www.mercadolibre.com.co/audifonos-in-ear-inalambricos-f9-5-negro/p/MCO16224063,Muy rentable
MCO1000,2018,Amazon Echo Dot 3rd Gen Con Asistente Virtual Alexa Carbón 110v/240v,175912,COP,new,100,https://www.mercadolibre.com.co/amazon-echo-dot-3rd-gen-con-asistente-virtual-alexa-carbon-110v240v/p/MCO15534261,Muy rentable
MCO1000,2018,Audífonos In-ear Inalámbricos Xiaomi Redmi Airdots Twsej04ls Negro,57900,COP,new,0,https://www.mercadolibre.com.co/audifonos-in-ear-inalambricos-xiaomi-redmi-airdots-twsej04ls-negro/p/MCO15283838,Poco rentable
MCO1000,2018,Audífonos In-ear Inalámbricos Lenovo Livepods Lp40 X 1 Unidades Negro,74000,COP,new,0,https://www.mercadolibre.com.co/audifonos-in-ear-inalambricos-lenovo-livepods-lp40-x-1-unidades-negro/p/MCO18055304,Poco rentable
MCO1000,2018,Soporte North Bayou Nb-p4 De Pared Para Tv/monitor De 32  A 55  Negro,52633,COP,new,50,https://www.mercadolibre.com.co/soporte-north-bayou-nb-p4-de-pared-para-tvmonitor-de-32-a-55-negro/p/MCO15248172,Muy rentable
MCO1000,2018,Roku Express 3930 Estándar Hd 32mb Negro Con 512mb De Memoria Ram,159000,COP,new,500,https://www.mercadolibre.com.co/roku-express-3930-estandar-hd-32mb-negro-con-512mb-de-memoria-ram/p/MCO15970894,Muy rentable
MCO1000,2018,Google Chromecast Hd,240211,COP,new,5,https://www.mercadolibre.com.co/google-chromecast-hd/p/MCO19971472,Poco rentable
MCO1000,2018,Audífonos Gamer Kotion G2000 Negro Y Azul Con Luz Led,55480,COP,new,5,https://www.mercadolibre.com.co/audifonos-gamer-kotion-g2000-negro-y-azul-con-luz-led/p/MCO6351840,Poco rentable
MCO1000,2018,Audífonos Inalámbricos Jbl Tune 510bt Jblt510bt X 1 Unidades Negro,225000,COP,new,5,https://www.mercadolibre.com.co/audifonos-inalambricos-jbl-tune-510bt-jblt510bt-x-1-unidades-negro/p/MCO17968066,Poco rentable
MCO1000,2018,Audífonos In-ear Inalámbricos Lenovo Livepods Lp40 X 1 Unidades Blanco,49500,COP,new,50,https://www.mercadolibre.com.co/audifonos-in-ear-inalambricos-lenovo-livepods-lp40-x-1-unidades-blanco/p/MCO18055305,Muy rentable
MCO1000,2018,Amazon Fire Tv Stick Lite Control De Voz Full Hd 8gb Negro Con 1gb De Memoria Ram,170000,COP,new,0,https://www.mercadolibre.com.co/amazon-fire-tv-stick-lite-control-de-voz-full-hd-8gb-negro-con-1gb-de-memoria-ram/p/MCO16369065,Poco rentable
MCO1000,2018,Soporte Home Design Hdl-117b-2 De Pared Para Tv/monitor De 14  A 55  Negro,33820,COP,new,500,https://www.mercadolibre.com.co/soporte-home-design-hdl-117b-2-de-pared-para-tvmonitor-de-14-a-55-negro/p/MCO15255286,Muy rentable
MCO1000,2018,Soporte North Bayou Nb F80 De Mesa Para Tv/monitor De 17  A 30  Negro,139000,COP,new,25,https://www.mercadolibre.com.co/soporte-north-bayou-nb-f80-de-mesa-para-tvmonitor-de-17-a-30-negro/p/MCO15248175,Rentable
MCO1000,2018,Google Chromecast With Google Tv Control De Voz 4k 8gb Snow Con 2gb De Memoria Ram,276165,COP,new,200,https://www.mercadolibre.com.co/google-chromecast-with-google-tv-control-de-voz-4k-8gb-snow-con-2gb-de-memoria-ram/p/MCO16233185,Muy rentable
MCO1000,2019,Audífonos In-ear Gamer Inalámbricos Xiaomi Redmi Buds 3 Lite M2110e1 Negro,109145,COP,new,5,https://www.mercadolibre.com.co/audifonos-in-ear-gamer-inalambricos-xiaomi-redmi-buds-3-lite-m2110e1-negro/p/MCO19031223,Poco rentable
MCO1000,2019,Audífonos In-ear Inalámbricos F9-5 Negro,33600,COP,new,500,https://www.mercadolibre.com.co/audifonos-in-ear-inalambricos-f9-5-negro/p/MCO16224063,Muy rentable
MCO1000,2019,Amazon Echo Dot 3rd Gen Con Asistente Virtual Alexa Carbón 110v/240v,175912,COP,new,100,https://www.mercadolibre.com.co/amazon-echo-dot-3rd-gen-con-asistente-virtual-alexa-carbon-110v240v/p/MCO15534261,Muy rentable
MCO1000,2019,Audífonos In-ear Inalámbricos Xiaomi Redmi Airdots Twsej04ls Negro,57900,COP,new,0,https://www.mercadolibre.com.co/audifonos-in-ear-inalambricos-xiaomi-redmi-airdots-twsej04ls-negro/p/MCO15283838,Poco rentable
MCO1000,2019,Audífonos In-ear Inalámbricos Lenovo Livepods Lp40 X 1 Unidades Negro,74000,COP,new,0,https://www.mercadolibre.com.co/audifonos-in-ear-inalambricos-lenovo-livepods-lp40-x-1-unidades-negro/p/MCO18055304,Poco rentable
MCO1000,2019,Soporte North Bayou Nb-p4 De Pared Para Tv/monitor De 32  A 55  Negro,52633,COP,new,50,https://www.mercadolibre.com.co/soporte-north-bayou-nb-p4-de-pared-para-tvmonitor-de-32-a-55-negro/p/MCO15248172,Muy rentable
MCO1000,2019,Roku Express 3930 Estándar Hd 32mb Negro Con 512mb De Memoria Ram,159000,COP,new,500,https://www.mercadolibre.com.co/roku-express-3930-estandar-hd-32mb-negro-con-512mb-de-memoria-ram/p/MCO15970894,Muy rentable
MCO1000,2019,Google Chromecast Hd,240211,COP,new,5,https://www.mercadolibre.com.co/google-chromecast-hd/p/MCO19971472,Poco rentable
MCO1000,2019,Audífonos Gamer Kotion G2000 Negro Y Azul Con Luz Led,55480,COP,new,5,https://www.mercadolibre.com.co/audifonos-gamer-kotion-g2000-negro-y-azul-con-luz-led/p/MCO6351840,Poco rentable
MCO1000,2019,Audífonos Inalámbricos Jbl Tune 510bt Jblt510bt X 1 Unidades Negro,225000,COP,new,5,https://www.mercadolibre.com.co/audifonos-inalambricos-jbl-tune-510bt-jblt510bt-x-1-unidades-negro/p/MCO17968066,Poco rentable
MCO1000,2019,Audífonos In-ear Inalámbricos Lenovo Livepods Lp40 X 1 Unidades Blanco,49500,COP,new,50,https://www.mercadolibre.com.co/audifonos-in-ear-inalambricos-lenovo-livepods-lp40-x-1-unidades-blanco/p/MCO18055305,Muy rentable
MCO1000,2019,Amazon Fire Tv Stick Lite Control De Voz Full Hd 8gb Negro Con 1gb De Memoria Ram,170000,COP,new,0,https://www.mercadolibre.com.co/amazon-fire-tv-stick-lite-control-de-voz-full-hd-8gb-negro-con-1gb-de-memoria-ram/p/MCO16369065,Poco rentable
MCO1000,2019,Soporte Home Design Hdl-117b-2 De Pared Para Tv/monitor De 14  A 55  Negro,33820,COP,new,500,https://www.mercadolibre.com.co/soporte-home-design-hdl-117b-2-de-pared-para-tvmonitor-de-14-a-55-negro/p/MCO15255286,Muy rentable
MCO1000,2019,Soporte North Bayou Nb F80 De Mesa Para Tv/monitor De 17  A 30  Negro,139000,COP,new,25,https://www.mercadolibre.com.co/soporte-north-bayou-nb-f80-de-mesa-para-tvmonitor-de-17-a-30-negro/p/MCO15248175,Rentable
MCO1000,2019,Google Chromecast With Google Tv Control De Voz 4k 8gb Snow Con 2gb De Memoria Ram,276165,COP,new,200,https://www.mercadolibre.com.co/google-chromecast-with-google-tv-control-de-voz-4k-8gb-snow-con-2gb-de-memoria-ram/p/MCO16233185,Muy rentable
MCO1000,2020,Audífonos In-ear Gamer Inalámbricos Xiaomi Redmi Buds 3 Lite M2110e1 Negro,109145,COP,new,5,https://www.mercadolibre.com.co/audifonos-in-ear-gamer-inalambricos-xiaomi-redmi-buds-3-lite-m2110e1-negro/p/MCO19031223,Poco rentable
MCO1000,2020,Audífonos In-ear Inalámbricos F9-5 Negro,33600,COP,new,500,https://www.mercadolibre.com.co/audifonos-in-ear-inalambricos-f9-5-negro/p/MCO16224063,Muy rentable
MCO1000,2020,Amazon Echo Dot 3rd Gen Con Asistente Virtual Alexa Carbón 110v/240v,175912,COP,new,100,https://www.mercadolibre.com.co/amazon-echo-dot-3rd-gen-con-asistente-virtual-alexa-carbon-110v240v/p/MCO15534261,Muy rentable
MCO1000,2020,Audífonos In-ear Inalámbricos Xiaomi Redmi Airdots Twsej04ls Negro,57900,COP,new,0,https://www.mercadolibre.com.co/audifonos-in-ear-inalambricos-xiaomi-redmi-airdots-twsej04ls-negro/p/MCO15283838,Poco rentable
MCO1000,2020,Audífonos In-ear Inalámbricos Lenovo Livepods Lp40 X 1 Unidades Negro,74000,COP,new,0,https://www.mercadolibre.com.co/audifonos-in-ear-inalambricos-lenovo-livepods-lp40-x-1-unidades-negro/p/MCO18055304,Poco rentable
MCO1000,2020,Soporte North Bayou Nb-p4 De Pared Para Tv/monitor De 32  A 55  Negro,52633,COP,new,50,https://www.mercadolibre.com.co/soporte-north-bayou-nb-p4-de-pared-para-tvmonitor-de-32-a-55-negro/p/MCO15248172,Muy rentable
MCO1000,2020,Roku Express 3930 Estándar Hd 32mb Negro Con 512mb De Memoria Ram,159000,COP,new,500,https://www.mercadolibre.com.co/roku-express-3930-estandar-hd-32mb-negro-con-512mb-de-memoria-ram/p/MCO15970894,Muy rentable
MCO1000,2020,Google Chromecast Hd,240211,COP,new,5,https://www.mercadolibre.com.co/google-chromecast-hd/p/MCO19971472,Poco rentable
MCO1000,2020,Audífonos Gamer Kotion G2000 Negro Y Azul Con Luz Led,55480,COP,new,5,https://www.mercadolibre.com.co/audifonos-gamer-kotion-g2000-negro-y-azul-con-luz-led/p/MCO6351840,Poco rentable
MCO1000,2020,Audífonos Inalámbricos Jbl Tune 510bt Jblt510bt X 1 Unidades Negro,225000,COP,new,5,https://www.mercadolibre.com.co/audifonos-inalambricos-jbl-tune-510bt-jblt510bt-x-1-unidades-negro/p/MCO17968066,Poco rentable
MCO1000,2020,Audífonos In-ear Inalámbricos Lenovo Livepods Lp40 X 1 Unidades Blanco,49500,COP,new,50,https://www.mercadolibre.com.co/audifonos-in-ear-inalambricos-lenovo-livepods-lp40-x-1-unidades-blanco/p/MCO18055305,Muy rentable
MCO1000,2020,Amazon Fire Tv Stick Lite Control De Voz Full Hd 8gb Negro Con 1gb De Memoria Ram,170000,COP,new,0,https://www.mercadolibre.com.co/amazon-fire-tv-stick-lite-control-de-voz-full-hd-8gb-negro-con-1gb-de-memoria-ram/p/MCO16369065,Poco rentable
MCO1000,2020,Soporte Home Design Hdl-117b-2 De Pared Para Tv/monitor De 14  A 55  Negro,33820,COP,new,500,https://www.mercadolibre.com.co/soporte-home-design-hdl-117b-2-de-pared-para-tvmonitor-de-14-a-55-negro/p/MCO15255286,Muy rentable
MCO1000,2020,Soporte North Bayou Nb F80 De Mesa Para Tv/monitor De 17  A 30  Negro,139000,COP,new,25,https://www.mercadolibre.com.co/soporte-north-bayou-nb-f80-de-mesa-para-tvmonitor-de-17-a-30-negro/p/MCO15248175,Rentable
MCO1000,2020,Google Chromecast With Google Tv Control De Voz 4k 8gb Snow Con 2gb De Memoria Ram,276165,COP,new,200,https://www.mercadolibre.com.co/google-chromecast-with-google-tv-control-de-voz-4k-8gb-snow-con-2gb-de-memoria-ram/p/MCO16233185,Muy rentable
MCO1000,2021,Audífonos In-ear Gamer Inalámbricos Xiaomi Redmi Buds 3 Lite M2110e1 Negro,109145,COP,new,5,https://www.mercadolibre.com.co/audifonos-in-ear-gamer-inalambricos-xiaomi-redmi-buds-3-lite-m2110e1-negro/p/MCO19031223,Poco rentable
MCO1000,2021,Audífonos In-ear Inalámbricos F9-5 Negro,33600,COP,new,500,https://www.mercadolibre.com.co/audifonos-in-ear-inalambricos-f9-5-negro/p/MCO16224063,Muy rentable
MCO1000,2021,Amazon Echo Dot 3rd Gen Con Asistente Virtual Alexa Carbón 110v/240v,175912,COP,new,100,https://www.mercadolibre.com.co/amazon-echo-dot-3rd-gen-con-asistente-virtual-alexa-carbon-110v240v/p/MCO15534261,Muy rentable
MCO1000,2021,Audífonos In-ear Inalámbricos Xiaomi Redmi Airdots Twsej04ls Negro,57900,COP,new,0,https://www.mercadolibre.com.co/audifonos-in-ear-inalambricos-xiaomi-redmi-airdots-twsej04ls-negro/p/MCO15283838,Poco rentable
MCO1000,2021,Audífonos In-ear Inalámbricos Lenovo Livepods Lp40 X 1 Unidades Negro,74000,COP,new,0,https://www.mercadolibre.com.co/audifonos-in-ear-inalambricos-lenovo-livepods-lp40-x-1-unidades-negro/p/MCO18055304,Poco rentable
MCO1000,2021,Soporte North Bayou Nb-p4 De Pared Para Tv/monitor De 32  A 55  Negro,52633,COP,new,50,https://www.mercadolibre.com.co/soporte-north-bayou-nb-p4-de-pared-para-tvmonitor-de-32-a-55-negro/p/MCO15248172,Muy rentable
MCO1000,2021,Roku Express 3930 Estándar Hd 32mb Negro Con 512mb De Memoria Ram,159000,COP,new,500,https://www.mercadolibre.com.co/roku-express-3930-estandar-hd-32mb-negro-con-512mb-de-memoria-ram/p/MCO15970894,Muy rentable
MCO1000,2021,Google Chromecast Hd,240211,COP,new,5,https://www.mercadolibre.com.co/google-chromecast-hd/p/MCO19971472,Poco rentable
MCO1000,2021,Audífonos Gamer Kotion G2000 Negro Y Azul Con Luz Led,55480,COP,new,5,https://www.mercadolibre.com.co/audifonos-gamer-kotion-g2000-negro-y-azul-con-luz-led/p/MCO6351840,Poco rentable
MCO1000,2021,Audífonos Inalámbricos Jbl Tune 510bt Jblt510bt X 1 Unidades Negro,225000,COP,new,5,https://www.mercadolibre.com.co/audifonos-inalambricos-jbl-tune-510bt-jblt510bt-x-1-unidades-negro/p/MCO17968066,Poco rentable
MCO1000,2021,Audífonos In-ear Inalámbricos Lenovo Livepods Lp40 X 1 Unidades Blanco,49500,COP,new,50,https://www.mercadolibre.com.co/audifonos-in-ear-inalambricos-lenovo-livepods-lp40-x-1-unidades-blanco/p/MCO18055305,Muy rentable
MCO1000,2021,Amazon Fire Tv Stick Lite Control De Voz Full Hd 8gb Negro Con 1gb De Memoria Ram,170000,COP,new,0,https://www.mercadolibre.com.co/amazon-fire-tv-stick-lite-control-de-voz-full-hd-8gb-negro-con-1gb-de-memoria-ram/p/MCO16369065,Poco rentable
MCO1000,2021,Soporte Home Design Hdl-117b-2 De Pared Para Tv/monitor De 14  A 55  Negro,33820,COP,new,500,https://www.mercadolibre.com.co/soporte-home-design-hdl-117b-2-de-pared-para-tvmonitor-de-14-a-55-negro/p/MCO15255286,Muy rentable
MCO1000,2021,Soporte North Bayou Nb F80 De Mesa Para Tv/monitor De 17  A 30  Negro,139000,COP,new,25,https://www.mercadolibre.com.co/soporte-north-bayou-nb-f80-de-mesa-para-tvmonitor-de-17-a-30-negro/p/MCO15248175,Rentable
MCO1000,2021,Google Chromecast With Google Tv Control De Voz 4k 8gb Snow Con 2gb De Memoria Ram,276165,COP,new,200,https://www.mercadolibre.com.co/google-chromecast-with-google-tv-control-de-voz-4k-8gb-snow-con-2gb-de-memoria-ram/p/MCO16233185,Muy rentable
MCO1000,2022,Audífonos In-ear Gamer Inalámbricos Xiaomi Redmi Buds 3 Lite M2110e1 Negro,109145,COP,new,5,https://www.mercadolibre.com.co/audifonos-in-ear-gamer-inalambricos-xiaomi-redmi-buds-3-lite-m2110e1-negro/p/MCO19031223,Poco rentable
MCO1000,2022,Audífonos In-ear Inalámbricos F9-5 Negro,33600,COP,new,500,https://www.mercadolibre.com.co/audifonos-in-ear-inalambricos-f9-5-negro/p/MCO16224063,Muy rentable
MCO1000,2022,Amazon Echo Dot 3rd Gen Con Asistente Virtual Alexa Carbón 110v/240v,175912,COP,new,100,https://www.mercadolibre.com.co/amazon-echo-dot-3rd-gen-con-asistente-virtual-alexa-carbon-110v240v/p/MCO15534261,Muy rentable
MCO1000,2022,Audífonos In-ear Inalámbricos Xiaomi Redmi Airdots Twsej04ls Negro,57900,COP,new,0,https://www.mercadolibre.com.co/audifonos-in-ear-inalambricos-xiaomi-redmi-airdots-twsej04ls-negro/p/MCO15283838,Poco rentable
MCO1000,2022,Audífonos In-ear Inalámbricos Lenovo Livepods Lp40 X 1 Unidades Negro,74000,COP,new,0,https://www.mercadolibre.com.co/audifonos-in-ear-inalambricos-lenovo-livepods-lp40-x-1-unidades-negro/p/MCO18055304,Poco rentable
MCO1000,2022,Soporte North Bayou Nb-p4 De Pared Para Tv/monitor De 32  A 55  Negro,52633,COP,new,50,https://www.mercadolibre.com.co/soporte-north-bayou-nb-p4-de-pared-para-tvmonitor-de-32-a-55-negro/p/MCO15248172,Muy rentable
MCO1000,2022,Roku Express 3930 Estándar Hd 32mb Negro Con 512mb De Memoria Ram,159000,COP,new,500,https://www.mercadolibre.com.co/roku-express-3930-estandar-hd-32mb-negro-con-512mb-de-memoria-ram/p/MCO15970894,Muy rentable
MCO1000,2022,Google Chromecast Hd,240211,COP,new,5,https://www.mercadolibre.com.co/google-chromecast-hd/p/MCO19971472,Poco rentable
MCO1000,2022,Audífonos Gamer Kotion G2000 Negro Y Azul Con Luz Led,55480,COP,new,5,https://www.mercadolibre.com.co/audifonos-gamer-kotion-g2000-negro-y-azul-con-luz-led/p/MCO6351840,Poco rentable
MCO1000,2022,Audífonos Inalámbricos Jbl Tune 510bt Jblt510bt X 1 Unidades Negro,225000,COP,new,5,https://www.mercadolibre.com.co/audifonos-inalambricos-jbl-tune-510bt-jblt510bt-x-1-unidades-negro/p/MCO17968066,Poco rentable
MCO1000,2022,Audífonos In-ear Inalámbricos Lenovo Livepods Lp40 X 1 Unidades Blanco,49500,COP,new,50,https://www.mercadolibre.com.co/audifonos-in-ear-inalambricos-lenovo-livepods-lp40-x-1-unidades-blanco/p/MCO18055305,Muy rentable
MCO1000,2022,Amazon Fire Tv Stick Lite Control De Voz Full Hd 8gb Negro Con 1gb De Memoria Ram,170000,COP,new,0,https://www.mercadolibre.com.co/amazon-fire-tv-stick-lite-control-de-voz-full-hd-8gb-negro-con-1gb-de-memoria-ram/p/MCO16369065,Poco rentable
MCO1000,2022,Soporte Home Design Hdl-117b-2 De Pared Para Tv/monitor De 14  A 55  Negro,33820,COP,new,500,https://www.mercadolibre.com.co/soporte-home-design-hdl-117b-2-de-pared-para-tvmonitor-de-14-a-55-negro/p/MCO15255286,Muy rentable
MCO1000,2022,Soporte North Bayou Nb F80 De Mesa Para Tv/monitor De 17  A 30  Negro,139000,COP,new,25,https://www.mercadolibre.com.co/soporte-north-bayou-nb-f80-de-mesa-para-tvmonitor-de-17-a-30-negro/p/MCO15248175,Rentable
MCO1000,2022,Google Chromecast With Google Tv Control De Voz 4k 8gb Snow Con 2gb De Memoria Ram,276165,COP,new,200,https://www.mercadolibre.com.co/google-chromecast-with-google-tv-control-de-voz-4k-8gb-snow-con-2gb-de-memoria-ram/p/MCO16233185,Muy rentable
MCO1039,2018,Tarjeta De Memoria Adata Ausdx128guicl10a1-ra1  Premier Con Adaptador Sd 128gb,46000,COP,new,50,https://www.mercadolibre.com.co/tarjeta-de-memoria-adata-ausdx128guicl10a1-ra1-premier-con-adaptador-sd-128gb/p/MCO9635235,Muy rentable
MCO1039,2018,Tarjeta De Memoria Adata Ausdx64guicl10-ra1  Premier Con Adaptador Sd 64gb,22400,COP,new,250,https://www.mercadolibre.com.co/tarjeta-de-memoria-adata-ausdx64guicl10-ra1-premier-con-adaptador-sd-64gb/p/MCO6172244,Muy rentable
MCO1039,2018,Impresora A Color  Multifunción Epson Ecotank L3210 Negra 110v,1399000,COP,new,0,https://www.mercadolibre.com.co/impresora-a-color-multifuncion-epson-ecotank-l3210-negra-110v/p/MCO18352526,Poco rentable
MCO1039,2018,Tarjeta De Memoria Adata Ausdh32guicl10-ra1  Premier Con Adaptador Sd 32gb,15940,COP,new,50,https://www.mercadolibre.com.co/tarjeta-de-memoria-adata-ausdh32guicl10-ra1-premier-con-adaptador-sd-32gb/p/MCO6172243,Muy rentable
MCO1039,2018,Micrófono Boya By-m1 Condensador Omnidireccional Negro,43000,COP,new,5,https://www.mercadolibre.com.co/microfono-boya-by-m1-condensador-omnidireccional-negro/p/MCO15159201,Poco rentable
MCO1039,2018,Tarjeta De Memoria Kingston Sdcs2sp  Canvas Select Plus Con Adaptador Sd 128gb,48500,COP,new,200,https://www.mercadolibre.com.co/tarjeta-de-memoria-kingston-sdcs2sp-canvas-select-plus-con-adaptador-sd-128gb/p/MCO15916979,Muy rentable
MCO1039,2018,Tarjeta De Memoria Kingston Sdcs2  Canvas Select Con Adaptador Sd 64gb,25000,COP,new,500,https://www.mercadolibre.com.co/tarjeta-de-memoria-kingston-sdcs2-canvas-select-con-adaptador-sd-64gb/p/MCO15703578,Muy rentable
MCO1039,2018,Tarjeta De Memoria Sandisk Sdsqunr-064g-gn3ma  Ultra Con Adaptador Sd 64gb,36138,COP,new,250,https://www.mercadolibre.com.co/tarjeta-de-memoria-sandisk-sdsqunr-064g-gn3ma-ultra-con-adaptador-sd-64gb/p/MCO16596813,Muy rentable
MCO1039,2018,Tarjeta De Memoria Sandisk Sdsqxcd-128g-gn6ma  Extreme Pro 128gb,141361,COP,new,50,https://www.mercadolibre.com.co/tarjeta-de-memoria-sandisk-sdsqxcd-128g-gn6ma-extreme-pro-128gb/p/MCO11547167,Muy rentable
MCO1039,2018,Micro Sd 256gb Samsung Evo Select+ 4k 130 Mb/s U3 A2 V30,132000,COP,new,5,https://www.mercadolibre.com.co/micro-sd-256gb-samsung-evo-select-4k-130-mbs-u3-a2-v30/p/MCO19936309,Poco rentable
MCO1039,2018,Tarjeta De Memoria Sandisk Sdsquar-128g-gn6mn  Ultra Con Adaptador Sd 128gb,68000,COP,new,50,https://www.mercadolibre.com.co/tarjeta-de-memoria-sandisk-sdsquar-128g-gn6mn-ultra-con-adaptador-sd-128gb/p/MCO8612105,Muy rentable
MCO1039,2018,Tarjeta De Memoria Sandisk Sdsquns-032g-gn3ma  Ultra Con Adaptador Sd 32gb,21800,COP,new,250,https://www.mercadolibre.com.co/tarjeta-de-memoria-sandisk-sdsquns-032g-gn3ma-ultra-con-adaptador-sd-32gb/p/MCO14736452,Muy rentable
MCO1039,2018,Tarjeta De Memoria Adata Ausdx256guicl10a1-ra1  Premier Con Adaptador Sd 256gb,103056,COP,new,5,https://www.mercadolibre.com.co/tarjeta-de-memoria-adata-ausdx256guicl10a1-ra1-premier-con-adaptador-sd-256gb/p/MCO11134751,Poco rentable
MCO1039,2018,Tarjeta De Memoria Sandisk Sdsquns-128g-gn6ta  Ultra Con Adaptador Sd 128gb,69000,COP,new,50,https://www.mercadolibre.com.co/tarjeta-de-memoria-sandisk-sdsquns-128g-gn6ta-ultra-con-adaptador-sd-128gb/p/MCO15314489,Muy rentable
MCO1039,2018,Tarjeta De Memoria Sandisk Sdsqxa1-128g-gn6ma  Extreme Con Adaptador Sd 128gb,111633,COP,new,50,https://www.mercadolibre.com.co/tarjeta-de-memoria-sandisk-sdsqxa1-128g-gn6ma-extreme-con-adaptador-sd-128gb/p/MCO15701847,Muy rentable
MCO1039,2019,Tarjeta De Memoria Adata Ausdx128guicl10a1-ra1  Premier Con Adaptador Sd 128gb,46000,COP,new,50,https://www.mercadolibre.com.co/tarjeta-de-memoria-adata-ausdx128guicl10a1-ra1-premier-con-adaptador-sd-128gb/p/MCO9635235,Muy rentable
MCO1039,2019,Tarjeta De Memoria Adata Ausdx64guicl10-ra1  Premier Con Adaptador Sd 64gb,22400,COP,new,250,https://www.mercadolibre.com.co/tarjeta-de-memoria-adata-ausdx64guicl10-ra1-premier-con-adaptador-sd-64gb/p/MCO6172244,Muy rentable
MCO1039,2019,Impresora A Color  Multifunción Epson Ecotank L3210 Negra 110v,1399000,COP,new,0,https://www.mercadolibre.com.co/impresora-a-color-multifuncion-epson-ecotank-l3210-negra-110v/p/MCO18352526,Poco rentable
MCO1039,2019,Tarjeta De Memoria Adata Ausdh32guicl10-ra1  Premier Con Adaptador Sd 32gb,15940,COP,new,50,https://www.mercadolibre.com.co/tarjeta-de-memoria-adata-ausdh32guicl10-ra1-premier-con-adaptador-sd-32gb/p/MCO6172243,Muy rentable
MCO1039,2019,Micrófono Boya By-m1 Condensador Omnidireccional Negro,43000,COP,new,5,https://www.mercadolibre.com.co/microfono-boya-by-m1-condensador-omnidireccional-negro/p/MCO15159201,Poco rentable
MCO1039,2019,Tarjeta De Memoria Kingston Sdcs2sp  Canvas Select Plus Con Adaptador Sd 128gb,48500,COP,new,200,https://www.mercadolibre.com.co/tarjeta-de-memoria-kingston-sdcs2sp-canvas-select-plus-con-adaptador-sd-128gb/p/MCO15916979,Muy rentable
MCO1039,2019,Tarjeta De Memoria Kingston Sdcs2  Canvas Select Con Adaptador Sd 64gb,25000,COP,new,500,https://www.mercadolibre.com.co/tarjeta-de-memoria-kingston-sdcs2-canvas-select-con-adaptador-sd-64gb/p/MCO15703578,Muy rentable
MCO1039,2019,Tarjeta De Memoria Sandisk Sdsqunr-064g-gn3ma  Ultra Con Adaptador Sd 64gb,36138,COP,new,250,https://www.mercadolibre.com.co/tarjeta-de-memoria-sandisk-sdsqunr-064g-gn3ma-ultra-con-adaptador-sd-64gb/p/MCO16596813,Muy rentable
MCO1039,2019,Tarjeta De Memoria Sandisk Sdsqxcd-128g-gn6ma  Extreme Pro 128gb,141361,COP,new,50,https://www.mercadolibre.com.co/tarjeta-de-memoria-sandisk-sdsqxcd-128g-gn6ma-extreme-pro-128gb/p/MCO11547167,Muy rentable
MCO1039,2019,Micro Sd 256gb Samsung Evo Select+ 4k 130 Mb/s U3 A2 V30,132000,COP,new,5,https://www.mercadolibre.com.co/micro-sd-256gb-samsung-evo-select-4k-130-mbs-u3-a2-v30/p/MCO19936309,Poco rentable
MCO1039,2019,Tarjeta De Memoria Sandisk Sdsquar-128g-gn6mn  Ultra Con Adaptador Sd 128gb,68000,COP,new,50,https://www.mercadolibre.com.co/tarjeta-de-memoria-sandisk-sdsquar-128g-gn6mn-ultra-con-adaptador-sd-128gb/p/MCO8612105,Muy rentable
MCO1039,2019,Tarjeta De Memoria Sandisk Sdsquns-032g-gn3ma  Ultra Con Adaptador Sd 32gb,21800,COP,new,250,https://www.mercadolibre.com.co/tarjeta-de-memoria-sandisk-sdsquns-032g-gn3ma-ultra-con-adaptador-sd-32gb/p/MCO14736452,Muy rentable
MCO1039,2019,Tarjeta De Memoria Adata Ausdx256guicl10a1-ra1  Premier Con Adaptador Sd 256gb,103056,COP,new,5,https://www.mercadolibre.com.co/tarjeta-de-memoria-adata-ausdx256guicl10a1-ra1-premier-con-adaptador-sd-256gb/p/MCO11134751,Poco rentable
MCO1039,2019,Tarjeta De Memoria Sandisk Sdsquns-128g-gn6ta  Ultra Con Adaptador Sd 128gb,69000,COP,new,50,https://www.mercadolibre.com.co/tarjeta-de-memoria-sandisk-sdsquns-128g-gn6ta-ultra-con-adaptador-sd-128gb/p/MCO15314489,Muy rentable
MCO1039,2019,Tarjeta De Memoria Sandisk Sdsqxa1-128g-gn6ma  Extreme Con Adaptador Sd 128gb,111633,COP,new,50,https://www.mercadolibre.com.co/tarjeta-de-memoria-sandisk-sdsqxa1-128g-gn6ma-extreme-con-adaptador-sd-128gb/p/MCO15701847,Muy rentable
MCO1039,2020,Tarjeta De Memoria Adata Ausdx128guicl10a1-ra1  Premier Con Adaptador Sd 128gb,46000,COP,new,50,https://www.mercadolibre.com.co/tarjeta-de-memoria-adata-ausdx128guicl10a1-ra1-premier-con-adaptador-sd-128gb/p/MCO9635235,Muy rentable
MCO1039,2020,Tarjeta De Memoria Adata Ausdx64guicl10-ra1  Premier Con Adaptador Sd 64gb,22400,COP,new,250,https://www.mercadolibre.com.co/tarjeta-de-memoria-adata-ausdx64guicl10-ra1-premier-con-adaptador-sd-64gb/p/MCO6172244,Muy rentable
MCO1039,2020,Impresora A Color  Multifunción Epson Ecotank L3210 Negra 110v,1399000,COP,new,0,https://www.mercadolibre.com.co/impresora-a-color-multifuncion-epson-ecotank-l3210-negra-110v/p/MCO18352526,Poco rentable
MCO1039,2020,Tarjeta De Memoria Adata Ausdh32guicl10-ra1  Premier Con Adaptador Sd 32gb,15940,COP,new,50,https://www.mercadolibre.com.co/tarjeta-de-memoria-adata-ausdh32guicl10-ra1-premier-con-adaptador-sd-32gb/p/MCO6172243,Muy rentable
MCO1039,2020,Micrófono Boya By-m1 Condensador Omnidireccional Negro,43000,COP,new,5,https://www.mercadolibre.com.co/microfono-boya-by-m1-condensador-omnidireccional-negro/p/MCO15159201,Poco rentable
MCO1039,2020,Tarjeta De Memoria Kingston Sdcs2sp  Canvas Select Plus Con Adaptador Sd 128gb,48500,COP,new,200,https://www.mercadolibre.com.co/tarjeta-de-memoria-kingston-sdcs2sp-canvas-select-plus-con-adaptador-sd-128gb/p/MCO15916979,Muy rentable
MCO1039,2020,Tarjeta De Memoria Kingston Sdcs2  Canvas Select Con Adaptador Sd 64gb,25000,COP,new,500,https://www.mercadolibre.com.co/tarjeta-de-memoria-kingston-sdcs2-canvas-select-con-adaptador-sd-64gb/p/MCO15703578,Muy rentable
MCO1039,2020,Tarjeta De Memoria Sandisk Sdsqunr-064g-gn3ma  Ultra Con Adaptador Sd 64gb,36138,COP,new,250,https://www.mercadolibre.com.co/tarjeta-de-memoria-sandisk-sdsqunr-064g-gn3ma-ultra-con-adaptador-sd-64gb/p/MCO16596813,Muy rentable
MCO1039,2020,Tarjeta De Memoria Sandisk Sdsqxcd-128g-gn6ma  Extreme Pro 128gb,141361,COP,new,50,https://www.mercadolibre.com.co/tarjeta-de-memoria-sandisk-sdsqxcd-128g-gn6ma-extreme-pro-128gb/p/MCO11547167,Muy rentable
MCO1039,2020,Micro Sd 256gb Samsung Evo Select+ 4k 130 Mb/s U3 A2 V30,132000,COP,new,5,https://www.mercadolibre.com.co/micro-sd-256gb-samsung-evo-select-4k-130-mbs-u3-a2-v30/p/MCO19936309,Poco rentable
MCO1039,2020,Tarjeta De Memoria Sandisk Sdsquar-128g-gn6mn  Ultra Con Adaptador Sd 128gb,68000,COP,new,50,https://www.mercadolibre.com.co/tarjeta-de-memoria-sandisk-sdsquar-128g-gn6mn-ultra-con-adaptador-sd-128gb/p/MCO8612105,Muy rentable
MCO1039,2020,Tarjeta De Memoria Sandisk Sdsquns-032g-gn3ma  Ultra Con Adaptador Sd 32gb,21800,COP,new,250,https://www.mercadolibre.com.co/tarjeta-de-memoria-sandisk-sdsquns-032g-gn3ma-ultra-con-adaptador-sd-32gb/p/MCO14736452,Muy rentable
MCO1039,2020,Tarjeta De Memoria Adata Ausdx256guicl10a1-ra1  Premier Con Adaptador Sd 256gb,103056,COP,new,5,https://www.mercadolibre.com.co/tarjeta-de-memoria-adata-ausdx256guicl10a1-ra1-premier-con-adaptador-sd-256gb/p/MCO11134751,Poco rentable
MCO1039,2020,Tarjeta De Memoria Sandisk Sdsquns-128g-gn6ta  Ultra Con Adaptador Sd 128gb,69000,COP,new,50,https://www.mercadolibre.com.co/tarjeta-de-memoria-sandisk-sdsquns-128g-gn6ta-ultra-con-adaptador-sd-128gb/p/MCO15314489,Muy rentable
MCO1039,2020,Tarjeta De Memoria Sandisk Sdsqxa1-128g-gn6ma  Extreme Con Adaptador Sd 128gb,111633,COP,new,50,https://www.mercadolibre.com.co/tarjeta-de-memoria-sandisk-sdsqxa1-128g-gn6ma-extreme-con-adaptador-sd-128gb/p/MCO15701847,Muy rentable
MCO1039,2021,Tarjeta De Memoria Adata Ausdx128guicl10a1-ra1  Premier Con Adaptador Sd 128gb,46000,COP,new,50,https://www.mercadolibre.com.co/tarjeta-de-memoria-adata-ausdx128guicl10a1-ra1-premier-con-adaptador-sd-128gb/p/MCO9635235,Muy rentable
MCO1039,2021,Tarjeta De Memoria Adata Ausdx64guicl10-ra1  Premier Con Adaptador Sd 64gb,22400,COP,new,250,https://www.mercadolibre.com.co/tarjeta-de-memoria-adata-ausdx64guicl10-ra1-premier-con-adaptador-sd-64gb/p/MCO6172244,Muy rentable
MCO1039,2021,Impresora A Color  Multifunción Epson Ecotank L3210 Negra 110v,1399000,COP,new,0,https://www.mercadolibre.com.co/impresora-a-color-multifuncion-epson-ecotank-l3210-negra-110v/p/MCO18352526,Poco rentable
MCO1039,2021,Tarjeta De Memoria Adata Ausdh32guicl10-ra1  Premier Con Adaptador Sd 32gb,15940,COP,new,50,https://www.mercadolibre.com.co/tarjeta-de-memoria-adata-ausdh32guicl10-ra1-premier-con-adaptador-sd-32gb/p/MCO6172243,Muy rentable
MCO1039,2021,Micrófono Boya By-m1 Condensador Omnidireccional Negro,43000,COP,new,5,https://www.mercadolibre.com.co/microfono-boya-by-m1-condensador-omnidireccional-negro/p/MCO15159201,Poco rentable
MCO1039,2021,Tarjeta De Memoria Kingston Sdcs2sp  Canvas Select Plus Con Adaptador Sd 128gb,48500,COP,new,200,https://www.mercadolibre.com.co/tarjeta-de-memoria-kingston-sdcs2sp-canvas-select-plus-con-adaptador-sd-128gb/p/MCO15916979,Muy rentable
MCO1039,2021,Tarjeta De Memoria Kingston Sdcs2  Canvas Select Con Adaptador Sd 64gb,25000,COP,new,500,https://www.mercadolibre.com.co/tarjeta-de-memoria-kingston-sdcs2-canvas-select-con-adaptador-sd-64gb/p/MCO15703578,Muy rentable
MCO1039,2021,Tarjeta De Memoria Sandisk Sdsqunr-064g-gn3ma  Ultra Con Adaptador Sd 64gb,36138,COP,new,250,https://www.mercadolibre.com.co/tarjeta-de-memoria-sandisk-sdsqunr-064g-gn3ma-ultra-con-adaptador-sd-64gb/p/MCO16596813,Muy rentable
MCO1039,2021,Tarjeta De Memoria Sandisk Sdsqxcd-128g-gn6ma  Extreme Pro 128gb,141361,COP,new,50,https://www.mercadolibre.com.co/tarjeta-de-memoria-sandisk-sdsqxcd-128g-gn6ma-extreme-pro-128gb/p/MCO11547167,Muy rentable
MCO1039,2021,Micro Sd 256gb Samsung Evo Select+ 4k 130 Mb/s U3 A2 V30,132000,COP,new,5,https://www.mercadolibre.com.co/micro-sd-256gb-samsung-evo-select-4k-130-mbs-u3-a2-v30/p/MCO19936309,Poco rentable
MCO1039,2021,Tarjeta De Memoria Sandisk Sdsquar-128g-gn6mn  Ultra Con Adaptador Sd 128gb,68000,COP,new,50,https://www.mercadolibre.com.co/tarjeta-de-memoria-sandisk-sdsquar-128g-gn6mn-ultra-con-adaptador-sd-128gb/p/MCO8612105,Muy rentable
MCO1039,2021,Tarjeta De Memoria Sandisk Sdsquns-032g-gn3ma  Ultra Con Adaptador Sd 32gb,21800,COP,new,250,https://www.mercadolibre.com.co/tarjeta-de-memoria-sandisk-sdsquns-032g-gn3ma-ultra-con-adaptador-sd-32gb/p/MCO14736452,Muy rentable
MCO1039,2021,Tarjeta De Memoria Adata Ausdx256guicl10a1-ra1  Premier Con Adaptador Sd 256gb,103056,COP,new,5,https://www.mercadolibre.com.co/tarjeta-de-memoria-adata-ausdx256guicl10a1-ra1-premier-con-adaptador-sd-256gb/p/MCO11134751,Poco rentable
MCO1039,2021,Tarjeta De Memoria Sandisk Sdsquns-128g-gn6ta  Ultra Con Adaptador Sd 128gb,69000,COP,new,50,https://www.mercadolibre.com.co/tarjeta-de-memoria-sandisk-sdsquns-128g-gn6ta-ultra-con-adaptador-sd-128gb/p/MCO15314489,Muy rentable
MCO1039,2021,Tarjeta De Memoria Sandisk Sdsqxa1-128g-gn6ma  Extreme Con Adaptador Sd 128gb,111633,COP,new,50,https://www.mercadolibre.com.co/tarjeta-de-memoria-sandisk-sdsqxa1-128g-gn6ma-extreme-con-adaptador-sd-128gb/p/MCO15701847,Muy rentable
MCO1039,2022,Tarjeta De Memoria Adata Ausdx128guicl10a1-ra1  Premier Con Adaptador Sd 128gb,46000,COP,new,50,https://www.mercadolibre.com.co/tarjeta-de-memoria-adata-ausdx128guicl10a1-ra1-premier-con-adaptador-sd-128gb/p/MCO9635235,Muy rentable
MCO1039,2022,Tarjeta De Memoria Adata Ausdx64guicl10-ra1  Premier Con Adaptador Sd 64gb,22400,COP,new,250,https://www.mercadolibre.com.co/tarjeta-de-memoria-adata-ausdx64guicl10-ra1-premier-con-adaptador-sd-64gb/p/MCO6172244,Muy rentable
MCO1039,2022,Impresora A Color  Multifunción Epson Ecotank L3210 Negra 110v,1399000,COP,new,0,https://www.mercadolibre.com.co/impresora-a-color-multifuncion-epson-ecotank-l3210-negra-110v/p/MCO18352526,Poco rentable
MCO1039,2022,Tarjeta De Memoria Adata Ausdh32guicl10-ra1  Premier Con Adaptador Sd 32gb,15940,COP,new,50,https://www.mercadolibre.com.co/tarjeta-de-memoria-adata-ausdh32guicl10-ra1-premier-con-adaptador-sd-32gb/p/MCO6172243,Muy rentable
MCO1039,2022,Micrófono Boya By-m1 Condensador Omnidireccional Negro,43000,COP,new,5,https://www.mercadolibre.com.co/microfono-boya-by-m1-condensador-omnidireccional-negro/p/MCO15159201,Poco rentable
MCO1039,2022,Tarjeta De Memoria Kingston Sdcs2sp  Canvas Select Plus Con Adaptador Sd 128gb,48500,COP,new,200,https://www.mercadolibre.com.co/tarjeta-de-memoria-kingston-sdcs2sp-canvas-select-plus-con-adaptador-sd-128gb/p/MCO15916979,Muy rentable
MCO1039,2022,Tarjeta De Memoria Kingston Sdcs2  Canvas Select Con Adaptador Sd 64gb,25000,COP,new,500,https://www.mercadolibre.com.co/tarjeta-de-memoria-kingston-sdcs2-canvas-select-con-adaptador-sd-64gb/p/MCO15703578,Muy rentable
MCO1039,2022,Tarjeta De Memoria Sandisk Sdsqunr-064g-gn3ma  Ultra Con Adaptador Sd 64gb,36138,COP,new,250,https://www.mercadolibre.com.co/tarjeta-de-memoria-sandisk-sdsqunr-064g-gn3ma-ultra-con-adaptador-sd-64gb/p/MCO16596813,Muy rentable
MCO1039,2022,Tarjeta De Memoria Sandisk Sdsqxcd-128g-gn6ma  Extreme Pro 128gb,141361,COP,new,50,https://www.mercadolibre.com.co/tarjeta-de-memoria-sandisk-sdsqxcd-128g-gn6ma-extreme-pro-128gb/p/MCO11547167,Muy rentable
MCO1039,2022,Micro Sd 256gb Samsung Evo Select+ 4k 130 Mb/s U3 A2 V30,132000,COP,new,5,https://www.mercadolibre.com.co/micro-sd-256gb-samsung-evo-select-4k-130-mbs-u3-a2-v30/p/MCO19936309,Poco rentable
MCO1039,2022,Tarjeta De Memoria Sandisk Sdsquar-128g-gn6mn  Ultra Con Adaptador Sd 128gb,68000,COP,new,50,https://www.mercadolibre.com.co/tarjeta-de-memoria-sandisk-sdsquar-128g-gn6mn-ultra-con-adaptador-sd-128gb/p/MCO8612105,Muy rentable
MCO1039,2022,Tarjeta De Memoria Sandisk Sdsquns-032g-gn3ma  Ultra Con Adaptador Sd 32gb,21800,COP,new,250,https://www.mercadolibre.com.co/tarjeta-de-memoria-sandisk-sdsquns-032g-gn3ma-ultra-con-adaptador-sd-32gb/p/MCO14736452,Muy rentable
MCO1039,2022,Tarjeta De Memoria Adata Ausdx256guicl10a1-ra1  Premier Con Adaptador Sd 256gb,103056,COP,new,5,https://www.mercadolibre.com.co/tarjeta-de-memoria-adata-ausdx256guicl10a1-ra1-premier-con-adaptador-sd-256gb/p/MCO11134751,Poco rentable
MCO1039,2022,Tarjeta De Memoria Sandisk Sdsquns-128g-gn6ta  Ultra Con Adaptador Sd 128gb,69000,COP,new,50,https://www.mercadolibre.com.co/tarjeta-de-memoria-sandisk-sdsquns-128g-gn6ta-ultra-con-adaptador-sd-128gb/p/MCO15314489,Muy rentable
MCO1039,2022,Tarjeta De Memoria Sandisk Sdsqxa1-128g-gn6ma  Extreme Con Adaptador Sd 128gb,111633,COP,new,50,https://www.mercadolibre.com.co/tarjeta-de-memoria-sandisk-sdsqxa1-128g-gn6ma-extreme-con-adaptador-sd-128gb/p/MCO15701847,Muy rentable
MCO1649,2018,Torre Cpu Gamer Ryzen 5 5600g Vega 7 1tb 16gb Led 22 Pc,2499900,COP,new,250,https://articulo.mercadolibre.com.co/MCO-657987424-torre-cpu-gamer-ryzen-5-5600g-vega-7-1tb-16gb-led-22-pc-_JM,Muy rentable
MCO1649,2018,Cpu Torre+monitor 17+4ram+hd500,444899,COP,new,100,https://articulo.mercadolibre.com.co/MCO-914497842-cpu-torremonitor-174ramhd500-_JM,Muy rentable
MCO1649,2018,Torre Cpu Gamer Athlon 3000g Vega 3 240sdd 8gb  Pc,1350000,COP,new,250,https://articulo.mercadolibre.com.co/MCO-576136391-torre-cpu-gamer-athlon-3000g-vega-3-240sdd-8gb-pc-_JM,Muy rentable
MCO1649,2018,Pc Torre Gamer Core I7 3770 8gb Ram Tarjeta Video R5 340 2gb,1439830,COP,new,250,https://articulo.mercadolibre.com.co/MCO-845591032-pc-torre-gamer-core-i7-3770-8gb-ram-tarjeta-video-r5-340-2gb-_JM,Muy rentable
MCO1649,2018,Cpu Torre Core I5 3.2ghz+12ram+hdd500,644899,COP,new,50,https://articulo.mercadolibre.com.co/MCO-1018048228-cpu-torre-core-i5-32ghz12ramhdd500-_JM,Muy rentable
MCO1649,2018,Torre Cpu Gamer Ryzen 5 5600g Vega 7 1tb 16gb Pc,2099900,COP,new,50,https://articulo.mercadolibre.com.co/MCO-657785400-torre-cpu-gamer-ryzen-5-5600g-vega-7-1tb-16gb-pc-_JM,Muy rentable
MCO1649,2018,Cpu Torre+monitor 17+8ram+hd500+wifi Usb+regulador 6 Tomas,584900,COP,new,5,https://articulo.mercadolibre.com.co/MCO-977712696-cpu-torremonitor-178ramhd500wifi-usbregulador-6-tomas-_JM,Poco rentable
MCO1649,2018,Pc Torre Gamer Core I5 3470 8gb Ram Tarjeta Video R7 250 2gb,1238830,COP,new,250,https://articulo.mercadolibre.com.co/MCO-654002817-pc-torre-gamer-core-i5-3470-8gb-ram-tarjeta-video-r7-250-2gb-_JM,Muy rentable
MCO1649,2018,"Torre Pc Gamer Ryzen 5 5600g, 16gb Ram, Disco Ssd 500 Gb",2349900,COP,new,25,https://articulo.mercadolibre.com.co/MCO-867303680-torre-pc-gamer-ryzen-5-5600g-16gb-ram-disco-ssd-500-gb-_JM,Rentable
MCO1649,2018,Torre Gamer Amd Ryzen 5 5600g +8gb Ram + Ssd 240 Radeon 7 Pc,1820000,COP,new,25,https://articulo.mercadolibre.com.co/MCO-953822048-torre-gamer-amd-ryzen-5-5600g-8gb-ram-ssd-240-radeon-7-pc-_JM,Rentable
MCO1649,2018,Torre Cpu Gamer Ryzen 7 5700g Vega 8 1tb 32gb Pc,2949900,COP,new,5,https://articulo.mercadolibre.com.co/MCO-999418729-torre-cpu-gamer-ryzen-7-5700g-vega-8-1tb-32gb-pc-_JM,Poco rentable
MCO1649,2018,Cpu Torre Core I5 Monitor 19 8ram 250ssd,782909,COP,new,5,https://articulo.mercadolibre.com.co/MCO-999579748-cpu-torre-core-i5-monitor-19-8ram-250ssd-_JM,Poco rentable
MCO1649,2018,Pc Torre Gamer Core I7 4770 16gb Ram T. Video R7 450 4gb,1859000,COP,new,25,https://articulo.mercadolibre.com.co/MCO-951046296-pc-torre-gamer-core-i7-4770-16gb-ram-t-video-r7-450-4gb-_JM,Rentable
MCO1649,2018,Equipo Torre Cpu Intel Dualcore Ssd 240gb Ram 8gb Monitor 22,1299900,COP,new,50,https://articulo.mercadolibre.com.co/MCO-595490510-equipo-torre-cpu-intel-dualcore-ssd-240gb-ram-8gb-monitor-22-_JM,Muy rentable
MCO1649,2018,Computador Intel Core I5 10400 Uhd 630 1tb 16gb Pc Led 22,2249900,COP,new,5,https://articulo.mercadolibre.com.co/MCO-616828416-computador-intel-core-i5-10400-uhd-630-1tb-16gb-pc-led-22-_JM,Poco rentable
MCO1649,2019,Torre Cpu Gamer Ryzen 5 5600g Vega 7 1tb 16gb Led 22 Pc,2499900,COP,new,250,https://articulo.mercadolibre.com.co/MCO-657987424-torre-cpu-gamer-ryzen-5-5600g-vega-7-1tb-16gb-led-22-pc-_JM,Muy rentable
MCO1649,2019,Cpu Torre+monitor 17+4ram+hd500,444899,COP,new,100,https://articulo.mercadolibre.com.co/MCO-914497842-cpu-torremonitor-174ramhd500-_JM,Muy rentable
MCO1649,2019,Torre Cpu Gamer Athlon 3000g Vega 3 240sdd 8gb  Pc,1350000,COP,new,250,https://articulo.mercadolibre.com.co/MCO-576136391-torre-cpu-gamer-athlon-3000g-vega-3-240sdd-8gb-pc-_JM,Muy rentable
MCO1649,2019,Pc Torre Gamer Core I7 3770 8gb Ram Tarjeta Video R5 340 2gb,1439830,COP,new,250,https://articulo.mercadolibre.com.co/MCO-845591032-pc-torre-gamer-core-i7-3770-8gb-ram-tarjeta-video-r5-340-2gb-_JM,Muy rentable
MCO1649,2019,Cpu Torre Core I5 3.2ghz+12ram+hdd500,644899,COP,new,50,https://articulo.mercadolibre.com.co/MCO-1018048228-cpu-torre-core-i5-32ghz12ramhdd500-_JM,Muy rentable
MCO1649,2019,Torre Cpu Gamer Ryzen 5 5600g Vega 7 1tb 16gb Pc,2099900,COP,new,50,https://articulo.mercadolibre.com.co/MCO-657785400-torre-cpu-gamer-ryzen-5-5600g-vega-7-1tb-16gb-pc-_JM,Muy rentable
MCO1649,2019,Cpu Torre+monitor 17+8ram+hd500+wifi Usb+regulador 6 Tomas,584900,COP,new,5,https://articulo.mercadolibre.com.co/MCO-977712696-cpu-torremonitor-178ramhd500wifi-usbregulador-6-tomas-_JM,Poco rentable
MCO1649,2019,Pc Torre Gamer Core I5 3470 8gb Ram Tarjeta Video R7 250 2gb,1238830,COP,new,250,https://articulo.mercadolibre.com.co/MCO-654002817-pc-torre-gamer-core-i5-3470-8gb-ram-tarjeta-video-r7-250-2gb-_JM,Muy rentable
MCO1649,2019,"Torre Pc Gamer Ryzen 5 5600g, 16gb Ram, Disco Ssd 500 Gb",2349900,COP,new,25,https://articulo.mercadolibre.com.co/MCO-867303680-torre-pc-gamer-ryzen-5-5600g-16gb-ram-disco-ssd-500-gb-_JM,Rentable
MCO1649,2019,Torre Gamer Amd Ryzen 5 5600g +8gb Ram + Ssd 240 Radeon 7 Pc,1820000,COP,new,25,https://articulo.mercadolibre.com.co/MCO-953822048-torre-gamer-amd-ryzen-5-5600g-8gb-ram-ssd-240-radeon-7-pc-_JM,Rentable
MCO1649,2019,Torre Cpu Gamer Ryzen 7 5700g Vega 8 1tb 32gb Pc,2949900,COP,new,5,https://articulo.mercadolibre.com.co/MCO-999418729-torre-cpu-gamer-ryzen-7-5700g-vega-8-1tb-32gb-pc-_JM,Poco rentable
MCO1649,2019,Cpu Torre Core I5 Monitor 19 8ram 250ssd,782909,COP,new,5,https://articulo.mercadolibre.com.co/MCO-999579748-cpu-torre-core-i5-monitor-19-8ram-250ssd-_JM,Poco rentable
MCO1649,2019,Pc Torre Gamer Core I7 4770 16gb Ram T. Video R7 450 4gb,1859000,COP,new,25,https://articulo.mercadolibre.com.co/MCO-951046296-pc-torre-gamer-core-i7-4770-16gb-ram-t-video-r7-450-4gb-_JM,Rentable
MCO1649,2019,Equipo Torre Cpu Intel Dualcore Ssd 240gb Ram 8gb Monitor 22,1299900,COP,new,50,https://articulo.mercadolibre.com.co/MCO-595490510-equipo-torre-cpu-intel-dualcore-ssd-240gb-ram-8gb-monitor-22-_JM,Muy rentable
MCO1649,2019,Computador Intel Core I5 10400 Uhd 630 1tb 16gb Pc Led 22,2249900,COP,new,5,https://articulo.mercadolibre.com.co/MCO-616828416-computador-intel-core-i5-10400-uhd-630-1tb-16gb-pc-led-22-_JM,Poco rentable
MCO1649,2020,Torre Cpu Gamer Ryzen 5 5600g Vega 7 1tb 16gb Led 22 Pc,2499900,COP,new,250,https://articulo.mercadolibre.com.co/MCO-657987424-torre-cpu-gamer-ryzen-5-5600g-vega-7-1tb-16gb-led-22-pc-_JM,Muy rentable
MCO1649,2020,Cpu Torre+monitor 17+4ram+hd500,444899,COP,new,100,https://articulo.mercadolibre.com.co/MCO-914497842-cpu-torremonitor-174ramhd500-_JM,Muy rentable
MCO1649,2020,Torre Cpu Gamer Athlon 3000g Vega 3 240sdd 8gb  Pc,1350000,COP,new,250,https://articulo.mercadolibre.com.co/MCO-576136391-torre-cpu-gamer-athlon-3000g-vega-3-240sdd-8gb-pc-_JM,Muy rentable
MCO1649,2020,Pc Torre Gamer Core I7 3770 8gb Ram Tarjeta Video R5 340 2gb,1439830,COP,new,250,https://articulo.mercadolibre.com.co/MCO-845591032-pc-torre-gamer-core-i7-3770-8gb-ram-tarjeta-video-r5-340-2gb-_JM,Muy rentable
MCO1649,2020,Cpu Torre Core I5 3.2ghz+12ram+hdd500,644899,COP,new,50,https://articulo.mercadolibre.com.co/MCO-1018048228-cpu-torre-core-i5-32ghz12ramhdd500-_JM,Muy rentable
MCO1649,2020,Torre Cpu Gamer Ryzen 5 5600g Vega 7 1tb 16gb Pc,2099900,COP,new,50,https://articulo.mercadolibre.com.co/MCO-657785400-torre-cpu-gamer-ryzen-5-5600g-vega-7-1tb-16gb-pc-_JM,Muy rentable
MCO1649,2020,Cpu Torre+monitor 17+8ram+hd500+wifi Usb+regulador 6 Tomas,584900,COP,new,5,https://articulo.mercadolibre.com.co/MCO-977712696-cpu-torremonitor-178ramhd500wifi-usbregulador-6-tomas-_JM,Poco rentable
MCO1649,2020,Pc Torre Gamer Core I5 3470 8gb Ram Tarjeta Video R7 250 2gb,1238830,COP,new,250,https://articulo.mercadolibre.com.co/MCO-654002817-pc-torre-gamer-core-i5-3470-8gb-ram-tarjeta-video-r7-250-2gb-_JM,Muy rentable
MCO1649,2020,"Torre Pc Gamer Ryzen 5 5600g, 16gb Ram, Disco Ssd 500 Gb",2349900,COP,new,25,https://articulo.mercadolibre.com.co/MCO-867303680-torre-pc-gamer-ryzen-5-5600g-16gb-ram-disco-ssd-500-gb-_JM,Rentable
MCO1649,2020,Torre Gamer Amd Ryzen 5 5600g +8gb Ram + Ssd 240 Radeon 7 Pc,1820000,COP,new,25,https://articulo.mercadolibre.com.co/MCO-953822048-torre-gamer-amd-ryzen-5-5600g-8gb-ram-ssd-240-radeon-7-pc-_JM,Rentable
MCO1649,2020,Torre Cpu Gamer Ryzen 7 5700g Vega 8 1tb 32gb Pc,2949900,COP,new,5,https://articulo.mercadolibre.com.co/MCO-999418729-torre-cpu-gamer-ryzen-7-5700g-vega-8-1tb-32gb-pc-_JM,Poco rentable
MCO1649,2020,Cpu Torre Core I5 Monitor 19 8ram 250ssd,782909,COP,new,5,https://articulo.mercadolibre.com.co/MCO-999579748-cpu-torre-core-i5-monitor-19-8ram-250ssd-_JM,Poco rentable
MCO1649,2020,Pc Torre Gamer Core I7 4770 16gb Ram T. Video R7 450 4gb,1859000,COP,new,25,https://articulo.mercadolibre.com.co/MCO-951046296-pc-torre-gamer-core-i7-4770-16gb-ram-t-video-r7-450-4gb-_JM,Rentable
MCO1649,2020,Equipo Torre Cpu Intel Dualcore Ssd 240gb Ram 8gb Monitor 22,1299900,COP,new,50,https://articulo.mercadolibre.com.co/MCO-595490510-equipo-torre-cpu-intel-dualcore-ssd-240gb-ram-8gb-monitor-22-_JM,Muy rentable
MCO1649,2020,Computador Intel Core I5 10400 Uhd 630 1tb 16gb Pc Led 22,2249900,COP,new,5,https://articulo.mercadolibre.com.co/MCO-616828416-computador-intel-core-i5-10400-uhd-630-1tb-16gb-pc-led-22-_JM,Poco rentable
MCO1649,2021,Torre Cpu Gamer Ryzen 5 5600g Vega 7 1tb 16gb Led 22 Pc,2499900,COP,new,250,https://articulo.mercadolibre.com.co/MCO-657987424-torre-cpu-gamer-ryzen-5-5600g-vega-7-1tb-16gb-led-22-pc-_JM,Muy rentable
MCO1649,2021,Cpu Torre+monitor 17+4ram+hd500,444899,COP,new,100,https://articulo.mercadolibre.com.co/MCO-914497842-cpu-torremonitor-174ramhd500-_JM,Muy rentable
MCO1649,2021,Torre Cpu Gamer Athlon 3000g Vega 3 240sdd 8gb  Pc,1350000,COP,new,250,https://articulo.mercadolibre.com.co/MCO-576136391-torre-cpu-gamer-athlon-3000g-vega-3-240sdd-8gb-pc-_JM,Muy rentable
MCO1649,2021,Pc Torre Gamer Core I7 3770 8gb Ram Tarjeta Video R5 340 2gb,1439830,COP,new,250,https://articulo.mercadolibre.com.co/MCO-845591032-pc-torre-gamer-core-i7-3770-8gb-ram-tarjeta-video-r5-340-2gb-_JM,Muy rentable
MCO1649,2021,Cpu Torre Core I5 3.2ghz+12ram+hdd500,644899,COP,new,50,https://articulo.mercadolibre.com.co/MCO-1018048228-cpu-torre-core-i5-32ghz12ramhdd500-_JM,Muy rentable
MCO1649,2021,Torre Cpu Gamer Ryzen 5 5600g Vega 7 1tb 16gb Pc,2099900,COP,new,50,https://articulo.mercadolibre.com.co/MCO-657785400-torre-cpu-gamer-ryzen-5-5600g-vega-7-1tb-16gb-pc-_JM,Muy rentable
MCO1649,2021,Cpu Torre+monitor 17+8ram+hd500+wifi Usb+regulador 6 Tomas,584900,COP,new,5,https://articulo.mercadolibre.com.co/MCO-977712696-cpu-torremonitor-178ramhd500wifi-usbregulador-6-tomas-_JM,Poco rentable
MCO1649,2021,Pc Torre Gamer Core I5 3470 8gb Ram Tarjeta Video R7 250 2gb,1238830,COP,new,250,https://articulo.mercadolibre.com.co/MCO-654002817-pc-torre-gamer-core-i5-3470-8gb-ram-tarjeta-video-r7-250-2gb-_JM,Muy rentable
MCO1649,2021,"Torre Pc Gamer Ryzen 5 5600g, 16gb Ram, Disco Ssd 500 Gb",2349900,COP,new,25,https://articulo.mercadolibre.com.co/MCO-867303680-torre-pc-gamer-ryzen-5-5600g-16gb-ram-disco-ssd-500-gb-_JM,Rentable
MCO1649,2021,Torre Gamer Amd Ryzen 5 5600g +8gb Ram + Ssd 240 Radeon 7 Pc,1820000,COP,new,25,https://articulo.mercadolibre.com.co/MCO-953822048-torre-gamer-amd-ryzen-5-5600g-8gb-ram-ssd-240-radeon-7-pc-_JM,Rentable
MCO1649,2021,Torre Cpu Gamer Ryzen 7 5700g Vega 8 1tb 32gb Pc,2949900,COP,new,5,https://articulo.mercadolibre.com.co/MCO-999418729-torre-cpu-gamer-ryzen-7-5700g-vega-8-1tb-32gb-pc-_JM,Poco rentable
MCO1649,2021,Cpu Torre Core I5 Monitor 19 8ram 250ssd,782909,COP,new,5,https://articulo.mercadolibre.com.co/MCO-999579748-cpu-torre-core-i5-monitor-19-8ram-250ssd-_JM,Poco rentable
MCO1649,2021,Pc Torre Gamer Core I7 4770 16gb Ram T. Video R7 450 4gb,1859000,COP,new,25,https://articulo.mercadolibre.com.co/MCO-951046296-pc-torre-gamer-core-i7-4770-16gb-ram-t-video-r7-450-4gb-_JM,Rentable
MCO1649,2021,Equipo Torre Cpu Intel Dualcore Ssd 240gb Ram 8gb Monitor 22,1299900,COP,new,50,https://articulo.mercadolibre.com.co/MCO-595490510-equipo-torre-cpu-intel-dualcore-ssd-240gb-ram-8gb-monitor-22-_JM,Muy rentable
MCO1649,2021,Computador Intel Core I5 10400 Uhd 630 1tb 16gb Pc Led 22,2249900,COP,new,5,https://articulo.mercadolibre.com.co/MCO-616828416-computador-intel-core-i5-10400-uhd-630-1tb-16gb-pc-led-22-_JM,Poco rentable
MCO1649,2022,Torre Cpu Gamer Ryzen 5 5600g Vega 7 1tb 16gb Led 22 Pc,2499900,COP,new,250,https://articulo.mercadolibre.com.co/MCO-657987424-torre-cpu-gamer-ryzen-5-5600g-vega-7-1tb-16gb-led-22-pc-_JM,Muy rentable
MCO1649,2022,Cpu Torre+monitor 17+4ram+hd500,444899,COP,new,100,https://articulo.mercadolibre.com.co/MCO-914497842-cpu-torremonitor-174ramhd500-_JM,Muy rentable
MCO1649,2022,Torre Cpu Gamer Athlon 3000g Vega 3 240sdd 8gb  Pc,1350000,COP,new,250,https://articulo.mercadolibre.com.co/MCO-576136391-torre-cpu-gamer-athlon-3000g-vega-3-240sdd-8gb-pc-_JM,Muy rentable
MCO1649,2022,Pc Torre Gamer Core I7 3770 8gb Ram Tarjeta Video R5 340 2gb,1439830,COP,new,250,https://articulo.mercadolibre.com.co/MCO-845591032-pc-torre-gamer-core-i7-3770-8gb-ram-tarjeta-video-r5-340-2gb-_JM,Muy rentable
MCO1649,2022,Cpu Torre Core I5 3.2ghz+12ram+hdd500,644899,COP,new,50,https://articulo.mercadolibre.com.co/MCO-1018048228-cpu-torre-core-i5-32ghz12ramhdd500-_JM,Muy rentable
MCO1649,2022,Torre Cpu Gamer Ryzen 5 5600g Vega 7 1tb 16gb Pc,2099900,COP,new,50,https://articulo.mercadolibre.com.co/MCO-657785400-torre-cpu-gamer-ryzen-5-5600g-vega-7-1tb-16gb-pc-_JM,Muy rentable
MCO1649,2022,Cpu Torre+monitor 17+8ram+hd500+wifi Usb+regulador 6 Tomas,584900,COP,new,5,https://articulo.mercadolibre.com.co/MCO-977712696-cpu-torremonitor-178ramhd500wifi-usbregulador-6-tomas-_JM,Poco rentable
MCO1649,2022,Pc Torre Gamer Core I5 3470 8gb Ram Tarjeta Video R7 250 2gb,1238830,COP,new,250,https://articulo.mercadolibre.com.co/MCO-654002817-pc-torre-gamer-core-i5-3470-8gb-ram-tarjeta-video-r7-250-2gb-_JM,Muy rentable
MCO1649,2022,"Torre Pc Gamer Ryzen 5 5600g, 16gb Ram, Disco Ssd 500 Gb",2349900,COP,new,25,https://articulo.mercadolibre.com.co/MCO-867303680-torre-pc-gamer-ryzen-5-5600g-16gb-ram-disco-ssd-500-gb-_JM,Rentable
MCO1649,2022,Torre Gamer Amd Ryzen 5 5600g +8gb Ram + Ssd 240 Radeon 7 Pc,1820000,COP,new,25,https://articulo.mercadolibre.com.co/MCO-953822048-torre-gamer-amd-ryzen-5-5600g-8gb-ram-ssd-240-radeon-7-pc-_JM,Rentable
MCO1649,2022,Torre Cpu Gamer Ryzen 7 5700g Vega 8 1tb 32gb Pc,2949900,COP,new,5,https://articulo.mercadolibre.com.co/MCO-999418729-torre-cpu-gamer-ryzen-7-5700g-vega-8-1tb-32gb-pc-_JM,Poco rentable
MCO1649,2022,Cpu Torre Core I5 Monitor 19 8ram 250ssd,782909,COP,new,5,https://articulo.mercadolibre.com.co/MCO-999579748-cpu-torre-core-i5-monitor-19-8ram-250ssd-_JM,Poco rentable
MCO1649,2022,Pc Torre Gamer Core I7 4770 16gb Ram T. Video R7 450 4gb,1859000,COP,new,25,https://articulo.mercadolibre.com.co/MCO-951046296-pc-torre-gamer-core-i7-4770-16gb-ram-t-video-r7-450-4gb-_JM,Rentable
MCO1649,2022,Equipo Torre Cpu Intel Dualcore Ssd 240gb Ram 8gb Monitor 22,1299900,COP,new,50,https://articulo.mercadolibre.com.co/MCO-595490510-equipo-torre-cpu-intel-dualcore-ssd-240gb-ram-8gb-monitor-22-_JM,Muy rentable
MCO1649,2022,Computador Intel Core I5 10400 Uhd 630 1tb 16gb Pc Led 22,2249900,COP,new,5,https://articulo.mercadolibre.com.co/MCO-616828416-computador-intel-core-i5-10400-uhd-630-1tb-16gb-pc-led-22-_JM,Poco rentable
